Date,Title,Sentiment_Score,Subjectivity_Score,Category,Source,Link
2025-12-11 22:07:20,Indiana Lawmakers Reject Trump’s New Political Map - The New York Times,0.0909090909090909,0.33636363636363636,Neutral,The New York Times,https://news.google.com/rss/articles/CBMiiwFBVV95cUxPUUVMT3V6OTBpQXN5M3JnZnBKc3N4QmlXT2xFMVduUjNqdnlvWmhfQVhHN2tIS0JpX09EQTRTYkVPQkQ1UVlpSlNnN2otVk5xV2tqNVNKelRDeTZLUUJ6SWUySHprWjdSZ3ppX1dfYzV4bFJoQUttRF9YaDdYVGw3UmJlczFwYzBYR1dZ?oc=5
2025-12-11 21:56:19,Trump Live Updates: ACA Subsidies Left to Expire After Senate Deadlocks - The New York Times,0.0909090909090909,0.3181818181818182,Neutral,The New York Times,https://news.google.com/rss/articles/CBMiY0FVX3lxTE5vSnpSbDJ1VlNmZVpGbWRRZk5jWDFQVmI2VnZXZXpGNGpfbXA3WlQxUTVxQ1NhSFE1UjJEWmZwbzhTaU1ORFN6SDdUZUtsbnI0ejZ5bzJ3UHhya3AtRlZKbEFBMA?oc=5
2025-12-11 21:55:24,Administration fails again to indict N.Y. Attorney General Letitia James - The Washington Post,-0.22499999999999998,0.4,Negative,The Washington Post,https://news.google.com/rss/articles/CBMikAFBVV95cUxOZ2RoYTFTd0RHNWZUN3hBazBhSmw1SWI4WnZQaHJsRXZUY3F6OVF1MFVtWUl2TEozVGtoRGlnSXhsaVItSVVaN3UwTGVoOTdiOEdfNEgwR3E4c3JERUlYSEw3ZHZoVXUxUldIU3lOT2dzYUcyZGVwLTZvbnVXc0FFdUNKVlFPcXl3aTMwdy13UG0?oc=5
2025-12-11 21:46:54,Indiana Senate rejects redistricting bill that Trump demanded - cnbc.com,0.0,0.0,Neutral,cnbc.com,https://news.google.com/rss/articles/CBMijgFBVV95cUxNbDVOclNaeDRGQTZDSHpyMV9sd19ZQ1YzTFp5QTQzRXlsZHRCSmdFbWdMWWplSm5YZTdKVGRNcmFhRXNoc2s1YUk3Y0ZHdDBMOWhOQVJlRnY2TDdGOGdWbTZlR3U1Q1gzZ05OTkJ3THdTckJyZUJkdGM2QjhjTkpSR0thZDFjNmQyR01GRmx30gGTAUFVX3lxTE9KTXFuRTF0ek5WOVdyVXE1SF9NcHlvbDF5VUg1Y09qT3lZbmxWSTQxNW5tdmhHZHd6VXZGd21xTjFYR1N0Q2dmTWJudGltVFZGY2xiSTNXd3QwdkRTODMtNHBMMjQxV21NbFhpWEFXcDhUMzNXWllkVGdINk9ELU5pTjlJTkR6c3dNTlEtZDlybENQZw?oc=5
2025-12-11 21:43:25,Senate Republicans reject Trump’s plea for gerrymandered maps - Indiana Capital Chronicle,0.0,0.0,Neutral,Indiana Capital Chronicle,https://news.google.com/rss/articles/CBMirAFBVV95cUxQcWtLWHBOTE5xWC1hRTNhSHpaaG1XU0trYWpXeFRJQUc4Ymc5T2RHay0wRXB1bjhiSG5GbTRreEdXaUdEb2tFSUQ5UnI3TjJmQXk3QkIyWTVlaDhlbjdhTHYyMmQ2MFBFQ1NVeks2Y0hhNmp3aC1hOXh6eGNSckE0ZGxwTi14NW5PeVcwTGd6T1lzMWZyYWFmaEN0ZnRZQkJIT0V5R2hYMUdYdW5I?oc=5
2025-12-11 21:37:35,Indiana Senate Republicans reject Trump’s redistricting push - CNN,0.0,0.0,Neutral,CNN,https://news.google.com/rss/articles/CBMijwFBVV95cUxPSG1qU0pacW9xdEFhYVQxS3c3OUkzQi05OTNsMjQ1TENNS3JTUi1XcjA2b0hnSE9VZlVUYkp3UnE2TkhqcFd3b3lzZlh4U3hmZFVrTF8wUW43bXc2NUVJMEdfOEF3eVpqZEt0UUoySmsyNFRlLVNjdE1QQkJyUnBydkFNWmtCbDN1RDlpR3ozVQ?oc=5
2025-12-11 21:25:45,Trump launches $1 million ‘gold card’ visa program that’s drawn skepticism - The Washington Post,0.0,0.0,Neutral,The Washington Post,https://news.google.com/rss/articles/CBMihAFBVV95cUxQckJMcktMa3JGaVZVb2hPYTcydlpJcl9INktkM0Z6dUZxZUtUQXpvX1M5UTJFVjh3QlN3WFRYRjU5dXZkbVZYbUJYU1NjN19KUF9UNUs2VG1fYlQ5UlhNNEZlZldWOWlFOHpsN0FaVldxWWo5Yi1jckVmd0s2VEZRUVVUdzE?oc=5
2025-12-11 21:08:08,Highlights: Kristi Noem defends Trump’s immigration policies before departing early from hearing - The Washington Post,0.1,0.3,Neutral,The Washington Post,https://news.google.com/rss/articles/CBMigAFBVV95cUxOUUVvbGpYMGNnUklIOU54TURXMW5fbE4xWmVtSUZhZUItcFRzUU5SSkE0R2FSamdTQ2F6RzlWZkRGQ0haMElQVDJqUVJNTGNlcVpGZXd2blFaVUNIbUpxVkJLRVBjRi1HUGd2MktBelFwZlhLTDhwYk9vRGprN005LQ?oc=5
2025-12-11 21:08:08,House votes to repeal Trump order ending union rights at federal agencies - The Washington Post,0.0,0.0,Neutral,The Washington Post,https://news.google.com/rss/articles/CBMiigFBVV95cUxQbEdteTNtV2pzMUZ6SDVrRHVsYmFlYmtueTU5MWhXRDAtM1dUekRqMjc2MXh5ekhwZU1iTUFiOVBYbnhZUVN4bmplaGlGekY2V0VkMm16WHhYLTk4SGZlb21Da2E3X3k3STE2ckl2b1BnUzVrc1R5bDVPc1I3OUdWQXpxT29CWjVKbEE?oc=5
2025-12-11 20:47:00,Trump DOJ fails for second time to get indictment of Letitia James - USA Today,-0.25,0.15,Negative,USA Today,https://news.google.com/rss/articles/CBMirwFBVV95cUxNVEJsUjdTamxDX1ZZUmd0My1vUWJhT1hrN2JLRUJub25MN1VWakFwbkZpNjVwY0JsVzQ5N1FFNG1LcVFYUzZJNUt6S0hHcjZlM3ZlUWdXZ3JVeWh1eEo2cDBocDl6aXd5NE81RUR6bXc0LTBGZmtra1N3cVJFRmRObnU0WS1tZXBOMlp4dWJldXBrcVlYUk1ZeHNXNkRUaFZEN3Nvc1pGNlpiNVUtQUh3?oc=5
2025-12-11 20:37:00,"US House passes bill to bolster Europe’s defence, in apparent rebuke to Trump’s foreign policy strategy - The Guardian",-0.0375,0.2375,Neutral,The Guardian,https://news.google.com/rss/articles/CBMi4gFBVV95cUxQNFFEd2NxdkxOZG5fY2JiSW1mREMzU0xxRjJqcVFHbXhtYS1nT2xuLUVPc21tMURZVDc1MGdVbWp4UTlvV1NfUUlCVXV2VTJ0dzhxbnZIWWJHRHByRVdJeUYwM3pDcmVBa2VKRTRkNU5taERuYmFidGNmbmwtanFRUG1HRF8wRmRpR2JZc2tRNzRZOW5FUW4wSjFCZEtvb1dMTWlVSV9SSFg2ZFRXZGxOZ0JUbFNHSWtWZVgxTzFnaENvelBibnNNcVVmNjI0dFV5M0lvZUNacHRxRWdCby1BNWdB?oc=5
2025-12-11 20:31:00,Trump administration: Senate rejects dueling health care plans as US-Venezuela tensions mount - CNN,0.0,0.0,Neutral,CNN,https://news.google.com/rss/articles/CBMihwFBVV95cUxQdFRtVUYzWlZqSUI0U2RPdHNlaWxDZHo1UHNXSUNYenBDZ0dzSVBlOXlUSGJSc2tqNFliSTA4OGo2VkJwYzhZV2NyTnY0LTRYdXRxUENVWGpPZW5IaC1JblI5Q1FVZDN6MHUtYUFYdE9Jc083d29BeGktMVBsWkUwa0hjREsxVkU?oc=5
2025-12-11 20:17:08,Senator calls for Nvidia CEO to testify on Trump approval for China chip sales - Reuters,0.0,0.0,Neutral,Reuters,https://news.google.com/rss/articles/CBMiwAFBVV95cUxPdUtCYUs2MExwazZjNnBVT25RalNPUFFhZHY3Nkhjb2V3VllQNHZRQnVaNm9xV1QwZHliVFdjY3RMQTJBWGZ5bW1wVEtPdjZnQU90MC03RjlCU2tVTnBhZG1Ta09rVDRlMDZfbVhVTHlpejIwWDlVTk01V09WTmJrekNISjlGX0hpbWx1TDZNYWg5NUFHSTNvMnRnbjBTY2wycU55RWJ0WUUzd0JJNjRqTnFkbnJ6Y093WU9EOTFVVE8?oc=5
2025-12-11 20:13:00,Trump wants to destabilise European democracy. Where on earth is parliament? | John Crace - The Guardian,0.1,0.05,Neutral,The Guardian,https://news.google.com/rss/articles/CBMi2wFBVV95cUxQdldjSG5ndUdMTTJxckd1eHpuVHRYUE5qa3FBVmFkRUgyNVFmcHdBYU0ybmFScUMzbzdVaGx5QnNMZ1h2TFEzMmV1bWRHY01jTDJvVEpYYmMtU0gzWVZtSzRfekFwTjJQQ242T3FLc1dkcy1lcUJPdV83UzV1LXNzbzc0dEFiTHJidTQtbVdsSUdLQ2FUbC0wOEpFb01lUEtIZWYtUGVZcGZnQWtNb0Q1MzhhbG9FTnVuWTBnVzFCNi1ZMW1VNi1veDlaRl9hNE80bXBBVFZWYm9nOU0?oc=5
2025-12-11 20:13:00,"US engaging in ‘extreme rightwing tropes’ reminiscent of 1930s, British MPs warn - The Guardian",0.06875,0.55,Neutral,The Guardian,https://news.google.com/rss/articles/CBMiuwFBVV95cUxQdXJYN09MZTJueTRnNFNHWWVCeFEzc1F4b3lmb2tDSUhzWTFRb3BuWkdIUG5oSWhsT3E0RUVZTXVESFNYdlJ6VDAxRFBtN1NvUWN4YXJqNUR0ZzBiaFgyS2U3ZkFSdzVCenl3TE10QV9SSVVHRF80cmNwMVVZalFLTkFUT3BaNTZzYldZUmFHUDZEbTB5UlNsT0NNa0lwOUFkaV9GbzAtbnpxZ1QyeGxnazNhckNIQ1dEM09N?oc=5
2025-12-11 20:08:01,Justice Department fails to reindict Letitia James for a second time - CNN,-0.25,0.15,Negative,CNN,https://news.google.com/rss/articles/CBMioAFBVV95cUxQa1RqREVwb2xaQ2tIVFJHZ0EyQXFTMFc4LVoya3F2Mk42MnN4b3IzM2YxUDNScGVKc3BEUFFLOVdFUmtJa2g1dFZwbjRQbzM4cUk1d3FXbUJDdmRoMll6cjNDUHp1UXZudG5qcVJsTlpjbFhkVXJXNWJueWp3RndiRG5SeTZwenN4QmM1cFQ1SlA5c2puZ2xyMjlqT0NnMEk3?oc=5
2025-12-11 20:02:00,Poll paints dire picture on affordability as Trump touts economy - USA Today,0.0,0.0,Neutral,USA Today,https://news.google.com/rss/articles/CBMinwFBVV95cUxPYXUtLTdPVTBjeE9fUU9FOGkwMFVaazVkZGllN0UtbWYxbElDSUFUWDRIVmhRVHczekN5YmtYWjU3RmI5eXFoeldJbjZaZkNWVV9NTG1EY3RHMjNvUFVNT0J1c1hZd2xKWDBpcnZ3R1hFcG8zeDVKSHZzN0doQ0dlV1VneENqUTlsNHhMbm12YmZGWXNDU2czVnlDR1Y4ZFU?oc=5
2025-12-11 19:50:36,Trump tariffs live updates: US-Indonesia deal at risk of collapse; Trump floats 'some' additional carveouts - Yahoo Finance,0.13636363636363635,0.5,Positive,Yahoo Finance,https://news.google.com/rss/articles/CBMi6gFBVV95cUxPb0dnWVZyWnc5SDZoZ1l1YVNsUHcwalpISGd4Z1R3WUFsMmh6OHEzdUJsN2hSNENidUNxLWtnSU9nNzgzXzV1RjBfYklqRlJfWWZONV9YWlRVZ25NUDBKYkRKbWp6MUY2WlE1bUtRM0JDZDFtUDVhVVdXbldOeWJrRDNMLUw3dVZvLVhfN0g4MllqUFY0RmhrTzRQZWJWTUhraGtmWWNPUW1OVXVYaEdIWGRXaVVNcU1kSjBRLXIzRV8wbi04ZTdwWDI4Z3B6elhDM0owV0RTY0FNM0JnUUE1TGlKT3FUYjNFREE?oc=5
2025-12-11 19:28:00,House Passes $900 Billion Bill That Would Put Trump’s Stamp on Military - The New York Times,0.018181818181818174,0.2772727272727273,Neutral,The New York Times,https://news.google.com/rss/articles/CBMiY0FVX3lxTE5uaHUwQUpmZ2hzS29hNXNFblVHLURsLVFSUG5QeEJQTzdXcDhZUWU3ZFRXci0xdmh3a3dMUWo3ckotV2VfQkZwb3Y5aUdjLVpvb0RuejM1dGo4dzU3X3F4NFI5RQ?oc=5
2025-12-11 19:18:33,Trump Administration Plans to Boost Tax Break for Corporations - Bloomberg.com,0.0,0.0,Neutral,Bloomberg.com,https://news.google.com/rss/articles/CBMisAFBVV95cUxQOFVYVmd3Rk90Y1d3OV9yM0RTSnpGZnhhVzlwNlNCaTdWRm9wc09lS1V2b1V3TVJuc0puRXplU3FfWmtWRHVrNm5EVjF4d0pEeGttM2RwU05obmIwb1gzMk1PTEFxSmZ0VlZTVmNlZVFBT1ZQQTlJOUdIa2t5dl95cEFiQ0hqMHFZRi12QUlvWlpmdi1reUFJbHdmVE5rN29iY0tyc3ZYeTYtd281WFJfNg?oc=5
2025-12-11 19:18:00,Costco stayed out of politics. Then it sued Donald Trump. - USA Today,0.0,0.0,Neutral,USA Today,https://news.google.com/rss/articles/CBMikAFBVV95cUxPMjk3YnNSc1Y5UndFYUlTUzI1Z3FQcEVHQVRYWXZEbllrVmJwWVcyNV9oTG1qWDN3b0h6d1pJQ2pFbU9rRHFHTm04TzI1MFlSLWlwM2RoTXFhQi1Vbmg1SEVVWHFDU3Y2RmpYSmV4ZmEzczd1N08zTy1uRE5qT1RYNEZENUZRRGxwWlhldUhfQzA?oc=5
2025-12-11 19:13:31,Noem defiant as Democrats decry Trump administration treatment of migrants - Politico,0.0,0.0,Neutral,Politico,https://news.google.com/rss/articles/CBMiwgFBVV95cUxNVk9Oc1NsNGRiaVdIRlJIb1k0TWNOUnhjeDdEb3ZqSWxNQmdoZ215cXhQQVlNSGptcl9uZy0xSVV1OEpDTUhncHV4N3ZBZDA0bTd6dmRVOWNCeXIwX0JKc1FjWjBGZ1VzOHM2SkMtVzF3Vk1FbVNuWGJiZWJ6R0RacTQ2V3lBOXRfMlVSY1F5amJ2RERyc0NpczY3eVdwbDBOV3VaWDhRN3lGeWhUWjdLVDZadVd3bEc3MUNLZDkxdjNoQQ?oc=5
2025-12-11 19:10:39,"US travel group, foreign tourists leery of Trump plan to vet social media - Reuters",-0.04583333333333334,0.09583333333333333,Neutral,Reuters,https://news.google.com/rss/articles/CBMixwFBVV95cUxNUktmV19pRlFsdmtWalhOeWw2Y2k1eThENmI5MmVmR0UydnRkSTBQbkNyV09Tc1UwRTVGRUtaTGx5cWx4WFdVa2I1dDRtMXdsXzRtemQwY1lsZGZkSnVGYUJ0elZEZDVxUF9NV3gtcXZ3aDcwZHBuLTh2al80VzMydmFOQ1hITl9mYkFocVlIZWxZcWhaUC1yNV9VMnVkbkZhZ25xTHhVeEF3aEw0RG9FQ1lJLXd3b2g1aUFXQXBRTzFPUkM3ODdB?oc=5
2025-12-11 19:09:30,Trump hits out at Ukraine and Europe as Russia peace talks drag - NBC News,-0.1,0.07083333333333333,Neutral,NBC News,https://news.google.com/rss/articles/CBMitwFBVV95cUxQYzRiTDhDWF92Zi1uT2VuVnFCT0xpeEdRYmpYQmRUR2ZnR3EyOWg0MVh4WEtZdHdCX1oyQUxRb01wNmJoLWtQLTF2VkZpUWRfZkdnU2VUVmpqM3QwQjlHWnBGYi0zemY1bFRIdVpTZlktRUdOaWxsSHptRlYyLTJUbjg4Vm9RZlllVzNVTUpsU3p4X25TQzE3TGlaeHNIWmtkMnNlUmYyY2FHOHd4ZU1JWWJFWUxxcTjSAVZBVV95cUxQQks3d3BUQ3VwU2VXT3pIZlhkQkdHS0tTV3hUREFfWEE1R2pHcGhHYnRZRlM1U0loMW0xaFhPd0VtRkQ1VVhCSmlXNjc4YW9wNWNaYkdRZw?oc=5
2025-12-11 19:00:21,Why these red state Republicans are resisting Trump’s efforts to expand GOP power - The Washington Post,0.0,0.0,Neutral,The Washington Post,https://news.google.com/rss/articles/CBMiyAFBVV95cUxNeGR3THpuUG9iWFBYQ3A5dHhFNGxabUlub051WUlvZUU0bWFuNkNGRG9Nd2RMUDhrNGsyOTFCbmhqdnVtTnVpVVRza0t6Y2hSZF9TdXB1YXRjSXNoSUhTRlF0SU44empqMkpib2pNRDZrS19GcTlvbUFJZ1ZPZ3JQRURUbmV2NU5xTVdWaXFmQ1BjM0YtQUtxZzREWVliUmpZdXVmbjhJN3VTRWNFOGpqaGd5UDJrSGVwZnNWXzZtZ2JJZkpGZ0hsdA?oc=5
2025-12-11 18:38:12,"After a year of Trump-inspired inaction, some Republicans in Congress are growing restless - CNN",0.0,0.0,Neutral,CNN,https://news.google.com/rss/articles/CBMijAFBVV95cUxQZUVMOGlqN3JtR3NFcVFOb3dWMnJmMDFfVUtvRU5rRnpnQU8teFFPZERmX2xhWnB3YU5kM1dtWl9SWk4yZzVTc2pMZDVGaHpVcU1oVzFWdTVSdlFTVjJvMm9wUmNuWEx3T0VYZHV5NkJOUXREdDJGNFBFVllRX1lKd2NqNXE1OWZKUzBncA?oc=5
2025-12-11 18:35:42,"Trump Administration Diverted $2 Billion in Pentagon Funds to Target Immigrants, Lawmakers Say - The Intercept",0.0,0.0,Neutral,The Intercept,https://news.google.com/rss/articles/CBMigwFBVV95cUxNVzAxTlRJdE0zT1VfWGJ1dU05UFFJRkRPa0lUMEtDWGZ4RnNzc0NnQnd3aHlaZVdOUmdsdmlzYXR6eFpvNGhDblVWU0NEaXpuOUpPVHlvQm9kdTV6a2JtbXBOU0ZaSU0yb1RHODBRVnRsUzR5ZlB5RDdoaVdjN1hxUUVkZw?oc=5
2025-12-11 18:26:00,Russia demands Trump administration provide reasoning for seizure of oil tanker - thehill.com,0.0,0.0,Neutral,thehill.com,https://news.google.com/rss/articles/CBMikAFBVV95cUxObkNxdXZ6RE5WanRCRjFkTzhEd281cDZYQjRNTHJYYlliMmo2VGNHU3ppZWkzMzkyTFFvcVliYnNrbE5WNkh0RXN1RklOMkFWZ005YmVRVVlBajFnSnEzMFFvbGlxUm1SNDlOazJBaDNuUGlHaWhKNVZfaVlRM25jX0M0TjNvUlJYdU1tRmJvU2HSAZYBQVVfeXFMUDZGb1dGeGlvaGMzcGZ6cnJTem5MZnNsZ0xwVDdBOWNucDN0aG4yZzRkLVhKZDVnNFd5UVpFOVJrWkdZTnMtaFdMTC1VRkRUZTdSeVA4anVUV1ZCS1FXNDVkdlFpb2lORmxtWXFwWW96eEhJZm4xc2dZVDBTd2ozZC12Uk96YU0zUnd6X1FZRDZuZmhYR293?oc=5
2025-12-11 18:00:16,Meet the Trump administration’s 12 billionaires - The Washington Post,0.0,0.0,Neutral,The Washington Post,https://news.google.com/rss/articles/CBMimAFBVV95cUxQRDExTHdvSEdJaGZ2aFBKdkhERXI4VzYzNWM4UlV1MW1rQzBEWWswbjA0eF95RzdRYU5SNm9WYURaOXg3dF92MS1sVFYyd3pSNEpKeGo0S01odmFmX2FhYnltOW9JNEtOREF4bEctaGJpY2oxcUtaYlJFajQ1UmVRTWxlWHM1OEVSdE9ZOW1RNHA5ODNrRHRCVw?oc=5
2025-12-11 18:00:00,Germany’s anti-immigrant AfD party finds open door in Trump’s America - The Washington Post,0.0,0.5,Neutral,The Washington Post,https://news.google.com/rss/articles/CBMihwFBVV95cUxOZGtnVE9tendfSlFDM0h3NUo2c1hMY0lzdDZKRnp1dUJFRWRrM2VZeFdhd1Zsd0trTy1zYVY3Wl9WdkZ6RG1xMFhvU1RWQmNrcTV0WElraTFnSXpCY3BPai1MMENRZ1lfbDBXZHBrZjN0c2hybF9mM0h3TFVKZjJINi1DTy03THc?oc=5
2025-12-11 17:45:00,"December 11, 2025 - Machado calls Trump’s actions ‘decisive’ after US seizes oil tanker - CNN",0.0,0.0,Neutral,CNN,https://news.google.com/rss/articles/CBMiiwFBVV95cUxPdi1kVFFlRnloQ2FMZm45STQ5ZUhlOWZ5SVcxSVZpQnNCNi1IYjUwQVZ4ZGZoUXljNkVqQUg5bmp0T1k5TDIyTG84c21NUFBuZEx3MVFUOGtRdVQzSy14WWRMWFR5bk4ya3lDMFRNRE13YWJONExYb3FtdmwtSUtfbTEwemZuRWNKZjJB?oc=5
2025-12-11 17:28:00,Noem says Coast Guard-led tanker seizure near Venezuela was ordered by Trump to combat drug trafficking - NBC News,0.1,0.4,Neutral,NBC News,https://news.google.com/rss/articles/CBMiqAFBVV95cUxQdXJFUGczOXVPYnpjLUUzNEJMdVFiVXJSTHRtZTEtNFAwOE5fcmI3eDFjQld1Ymc4NFBXdVlLeVlpSlJMeXJDRlRULU9nMFpGQmw3Vjkwa0dGZWE3TXVQSDhYZ1ViZHZuSUQwWkxacWZXczRSYzVvX1BBaktxbUlVdW53ZmpKMFJhSkF6LVdYdy1yRmo0RVNRMWdnWTF0cEkyU0ZxVE5oNWrSAVZBVV95cUxNZ2V0cDJFMTZ4STJraEs0OE1qOTJiOUFxUUx2QWJxd296Nk5Bei1hVDZ6UUQxRk5HTm44Zjd4NjFGSnhFUEtEaVZyeU5IMVVpdl9maVEtZw?oc=5
2025-12-11 17:21:39,"Trump takes steps toward demolishing four federal buildings, preservationist alleges - CNN",0.0,0.0,Neutral,CNN,https://news.google.com/rss/articles/CBMif0FVX3lxTE50RUJHVzZaRy1KMmw3WnM3N3AyWkE3cVJFd3JuaGRDVVZ2UWZtcm5OTGQ2LUUxMDAyLXR0QUU5MzM0YTZndEhzZXJfOGJtVmR3OU1wTU4zNGdfbWQwNjQyeVMtckdMYld5VUNPUHYwUWFWbzktODJNQXZObHZpUG8?oc=5
2025-12-11 17:06:00,Trump’s presidency is crumbling before our eyes - thehill.com,0.0,0.0,Neutral,thehill.com,https://news.google.com/rss/articles/CBMihAFBVV95cUxNQ1pOQWVFOFYzbmI3OFUyUklvVW4zVWxFbGE3ZWFNd0p1YWNvWUdKLVhOX2FrN2hKX3ppaUFBRTNYZnhDS0V5bUdnelVXRHJuZlpna0RtR0VHTk5xU0dyNUpLZHluc2gwaHR3cG9DTVVELWpOT2xodEJhbmtMN2VVSzZSbWPSAYoBQVVfeXFMUG54SFRFbEJJdnZOcG9EUHQwTzZ4ZkRkNFd6LVUtUTQ2S0N0Sm5vOXgzN010VzJySWlxVFZuQUVlbmRkajVWaFhHblZKZGFGNFVaN1lxYXQwRDZlYXVMRG5xdzdrNTRld21KN0lubF85M0pDQ2d5anBrQk41MEFhZGotY3U1bm9UY0RB?oc=5
2025-12-11 16:58:21,‘MyPillow Guy’ and Trump supporter Mike Lindell says he’s running for Minnesota governor in 2026 - CNN,0.0,0.0,Neutral,CNN,https://news.google.com/rss/articles/CBMihwFBVV95cUxNYXAwOFpPWDhDV18wV19sQ3RqQTI5TnMtMFJxVmhhRXFqZDZ3VVVsQ1RYMzh2ZnRaa0tFc1V2TUFlSjhaNkJWemhpZ0lhbUNwd2dxRTJWdWhMLWE2Y1hYaXRRUHUtWElzbGNCWXhXWV9iUlYyM1dlbmxLRWN1ZzZYY0VMYWNaUWs?oc=5
2025-12-11 16:47:00,Trump plan for World Cup tourists to reveal social media activity described as ‘chilling’ - The Guardian,-0.23333333333333334,0.48333333333333334,Negative,The Guardian,https://news.google.com/rss/articles/CBMi0gFBVV95cUxNS09aaXV3SC14TGVKRFI3RWZFR3drM0JMZUI2V0tlYlVfemhlUFAySGplaDc5aGdCVkUzeHZ6RUpGMmJMXzFVUXhUUzh4cXdjWHUyMnhhWWFKQktQeDFrOWR2cWNUelF0TEQzSnYyY1g2dFhsTmFKd0VXU1Btd250NUl5eUFqUDBMaUdHdkdMQU0xZFhVSkx0SEI1QlpjZXFscE9JMWhvRTdSTnhNbVFMZTYtU3hTV3NNYWU2QU5nby1pd01rekZtZjNPTHJLaXZCb0E?oc=5
2025-12-11 16:40:00,Schiff on Trump administration’s Venezuela escalation: ‘Something doesn’t add up’ - thehill.com,0.0,0.0,Neutral,thehill.com,https://news.google.com/rss/articles/CBMif0FVX3lxTFBBN0ZRT0JBZGM3MVMwbU0tcXU3anhSZ01Hd2ZJR3A3eTdoZVFaLVFRS2VfTW1tdHViY3NmbV9EZGxuMnZNV2VodVd0M05HcERaNlZtSE9VbTRXb291OGNHRUhENGgzUDliTFR1REl2dlJaUjY2UWtsandWSVdVSlnSAYQBQVVfeXFMUHZzZFppV1hITzJ6QldXRGh6QVhVV0dOckRpd2hySVRwYjZpZVFkR05hZlRoejNFSW5PSzdTdzc5Tk5xQ3dEdGFSUkZ1cmFIQ09JZ0hWT05GczZYRTNvM0lUSjlfTUlrZFVVNl9ncm1meUhGeGZQR3JFVEo3aHdTQXBaY3R5?oc=5
2025-12-11 16:30:00,What is Trump's approval rating? Post-government shutdown polls - The Asheville Citizen Times,0.0,0.0,Neutral,The Asheville Citizen Times,https://news.google.com/rss/articles/CBMi5gFBVV95cUxNTVFCNy02eTkwQjVCWlJTSnE1a2IzQWhQUHpxVGxyUGxXM3RZeXdNYWhReTNjSENITE1MMGlMaEQ3X201Nk9OOUlNdlBEOXZ5TTlLUHk3V3g4bXR2ZWRkeE5rOFhDYzJzbDdzamZib3ZDd0JYM0JHV0REQjRLek1KSXhWM1FLX1VSVW5vS1pIWS1kdHQ5WkVuYWxtMWV6dmdYWkd4U2h6ekNwcGRsTFdiaVhfSWVtMW12TXM5LUtUQi0zN1BiTDgtWXlVcnlnekx4YUdEOGZSUmhUR2hHdXlRYWhFcWFtZw?oc=5
2025-12-11 16:24:00,Kilmar Ábrego García ordered released from ICE custody in fight over Trump immigration - The Guardian,0.0,0.0,Neutral,The Guardian,https://news.google.com/rss/articles/CBMigwFBVV95cUxQeVBOQVF6LXFUQl9yY2ZYN0FXMVQxSXdxeGQ2dnFtR0VYeTFheTlveWgwZS1iVUZhRmNYczRZUkV5WnVyMVhmdnBlMVh4TmdGLTJFWGlDbkw5OTdOcHZLNTZlaENzcVNFMHVSMzRPZjhrV3pzMS1yUmM2OExqT3pObVNyMA?oc=5
2025-12-11 16:10:09,Homeland Security Secretary Noem defends Trump’s hard-line immigration policies under scrutiny - MPR News,0.0,0.0,Neutral,MPR News,https://news.google.com/rss/articles/CBMitAFBVV95cUxNaUZ3SEtDaWRjUVNCeFBRdGszU2ZrbE1PYkx4YktZbENFMUFpaldMSzFWZ3F2ZTYxcWw0S1dmVGFGdjYtYThlc1RPZHZNdTdKWVNHTVczakt3UWpVQzV2c2ZPZTdDSHRMZm5lbkwzbWtzZDhHRWljenpsZTF3bHg3U1YxWC1IcVdPZmlSZXdpZFVmN094TGViZmVldzJjMG9oZ2tZWFJlUE4xWV9ScVdCTE5NS2k?oc=5
2025-12-11 16:02:00,‘Censorship pure and simple’: critics hit out at Trump plan to vet visitors’ social media - The Guardian,0.08253968253968254,0.30793650793650795,Neutral,The Guardian,https://news.google.com/rss/articles/CBMimwFBVV95cUxOVG5ya2VKM3padWd1dW5uWGFOb19ILS1FUnBGSFI0N013eV8tcklqLUZsN3V5UFBDMkhUczBld3ZpQWRSWEhhTmJHbnhxRjh2RFNCTXJSVnJkZ05wN3VOQ0dMbkk0cTlhcWhFcDlsSVF2c2YxRjkwWjlBYThiTWg0Wjd0amRTSk12UUU1ak10aXhuREI0YTh1LXRuTQ?oc=5
2025-12-11 15:58:18,WATCH LIVE: White House holds briefing after Trump administration seizes oil tanker off Venezuela - PBS,0.06818181818181818,0.25,Neutral,PBS,https://news.google.com/rss/articles/CBMizwFBVV95cUxQWmlxbEpEN0JoXzBDZGNLY2lvVHdEaW1aRHBRa0F6QjFXdTlEQ1d5TTRuUkpjUmljY053Z3N3d2FPM3RWeHozczdzR1ZRNHYwQkNBcndva0trMDlWSDRPQ1dzeEEwcjdGSllJSXAtLU5jRmhYTHZKQ2Vub2ZzUGU3cUIxcXY0M3pMakh5RHZFNGRmdE5sV2hjN3puY0d3b0JaXzVydG12VjVZMDY4X29DVUYzUXd0TnpGNGliclpURkpGcVNTWkoxaXhWeEFZelnSAdQBQVVfeXFMTnJ3aXhCQ3BWdU9LSG1HTmpvbkhYcHNjQVRJN3F2MUhzYXZZUi1DQ0tOR2NUaFB1ZjhuWG5IMXNkRkNVOHhoYm5aMk1BMGN2Q1VhZWJfTXBERGY4LUFieG1OSnpKTG03bThGNTJVdTFkZk1wRUwtSzN0MVRKaGE2elNMaHlGWEVJVDdiUHd1N2tNdUs4NnlESnBwdElsRXF6QXRzZDdlMko5R05kVHp5NXM3Mkk4b2tVVVRpcWZCV1NTdTRlUXFYdXVURjJUbnVkSURFXzg?oc=5
2025-12-11 15:38:17,Voters sour on Trump’s handling of the economy in new poll - Politico,-0.006818181818181834,0.2772727272727273,Neutral,Politico,https://news.google.com/rss/articles/CBMie0FVX3lxTE9uajNjellMZjJNWllXdmdhbExqdE85UjFndGVEOERLOTFwdlZlYlY4dmw5M3UycnVOMjctN183cWpXbENyMjduUFJHMUlQZ2lDbnlhOWtyV3JBRmdib0dSSl90cUFJWC1xd2dBVUhzZ0pzSXlrUzdHamlGMA?oc=5
2025-12-11 14:59:57,WATCH: Noem defends Trump immigration policy in House hearing on security threats - PBS,0.0,0.0,Neutral,PBS,https://news.google.com/rss/articles/CBMiugFBVV95cUxObWcyX3NhT3hDVFpxSl9HcWpoNE1kYmRVNm5IZ2Jva0NLVFpCVzh3VTJDRnlMV2FIRjJBSlZsRHgwNHRWMGp1WGl5ZmJOOG5JRVh0NU1kNEdHSE14RVllWmwzWVN6YThvVDlzbkZJOER0WG9EbU1CWGFMekoxSThkSXk1Z3NQNFQ3akU0cUVlbXYwSEtacEJCQ0JqOWpQX3hvd1FKcmszMWZwT2xhS0Q2SldqRnpkc3NNMUHSAb8BQVVfeXFMTXFtWTd2QnEybkVHZXRCTGt6cWRnU0hOanNIM2Jkemh6M0doZmVJWkhVTGtPX0pORHZMZFBJQjl0OXpQVDN3NVRxdS1LN0RaWE1VUEFGZXhTT0pUQjFYYUZ4V18weExCYkFOclMyeUxHcVp2TzN4QmdIYkhiSDgxX0dGQWwwQU1HT3lyWG8xTEUySWNaLTNmSGNZams4WDdpVDg4cTRiTHB4bmtCcGdiaWR5YnZlSHNvMGVsSklqSUk?oc=5
2025-12-11 14:52:51,"""Abject partisanship"": Trump loyalist Bove hit with judicial misconduct complaint - Axios",-0.3,0.2,Negative,Axios,https://news.google.com/rss/articles/CBMiggFBVV95cUxQNEhYekoxWmFEeXVzQXV2T0tMWjZySlZvWW9fQmM4NTJmS2U5ODlpbXptM3VnU1ZUYjRLVFVhdkltV1Bia3JWMjFDUnR5YUlKU0daY3N1SGY1ZlJFWmJJYkdnX0U0Mk1aUkRQSXNyb2lhNGI2c1JVeW9Mcjh4YjhXRl9R?oc=5
2025-12-11 14:27:32,Maybe Donald Trump Isn’t Immune to Political Gravity After All - Mother Jones,0.0,0.1,Neutral,Mother Jones,https://news.google.com/rss/articles/CBMirwFBVV95cUxNNU5wbC0tbUFpRHJ1R29CangwT0l0czFIOHExcHFIWUxhVnptbWRpcWNrODdCdVFDemhCZDJHZ25oS1JWYkZmOTVpNzRjblRPYkhwQlVKcGR3cWlzWFYtT1JBNmh2bFBtM3lvMHk5eUdoY3pOWWxvVmtLeC1PeUl5bVZuMG1PbnJRZTA1YXd1V2RDak5MS2R3bG5WbERHc21oODQxSUl4SnlEeFotUmJZ?oc=5
2025-12-11 14:24:28,Trump Doesn’t Want to Talk About Affordability. Democrats Say That’s a Gift. - The New York Times,0.13636363636363635,0.45454545454545453,Positive,The New York Times,https://news.google.com/rss/articles/CBMiiAFBVV95cUxOaTdUbnJoN3hHWW9taTBVejdEVTE5dnRnODhXcFJYa1lMLUFfdnVoQm9tc2k5MjhUYlBKVnN3VFdKMU1DWkp6XzI5emo4ZGVuVzNmZlkzRjkxclNHRHNDRktxaHNDbkdvTjZOQUNyck8xRTh6am1VdkYzb3BxNGlPb05Ec05GcmhW?oc=5
2025-12-11 14:18:01,Trump's auto policies collide with consumer reality - Axios,0.0,0.0,Neutral,Axios,https://news.google.com/rss/articles/CBMiYEFVX3lxTFBGSzRuTUFRWVZPOHRGZU1RSHJLcFp4R3hwck5NbFE1c1dJeE85cDUydklwWVRxdXdPSU1wNkk5X0FONEo5dlIySGpnRkdJdUh5V0UxckI3eV9FVjJrWjJtVg?oc=5
2025-12-11 14:00:15,Inside the fight for MAGA’s foreign policy - The Economist,-0.125,0.125,Negative,The Economist,https://news.google.com/rss/articles/CBMilwFBVV95cUxOajdlUFNoS3czUl9Cam1GRFM2dlFCOHUzWGx6T3VkV3N4a2dUVHZyLTJWMXMwcjVnbGxsZExyTklJRzhIcl9BS2hmN01Wb0V2SVFYVkNITFRWQTZmdFRLZEZsdGRQRFhJWnRBcHJySFRwMXU2d3JYVTNadWIycjZaUTlkZTUwM2VKbDVnbkZtWXhYd01kUXZN?oc=5
2025-12-11 13:23:00,"Iowa, Ohio latest states to flip negative on Trump approval ratings - USA Today",0.1,0.65,Neutral,USA Today,https://news.google.com/rss/articles/CBMipwFBVV95cUxNQzZORkdTT2pSNEwxZ0hpUXhONVd6OWwzdEttZWNsaURod01rY19wZVFrRElZUm1XdTM0MTdLakdjSnJrMV9OOHNzbG5rS1dUZW1iWmpZNTQtNjVkclR2aGNBbTFyRXpOOURzVUNjeG1QNDF1TW53bjVHTHVhekZnUnJsOF9CUThid19ZSU9XalNueURwd2NoUXYtV2RJeUV6RUtjd1FrYw?oc=5
2025-12-11 13:01:00,Trump’s anti-Somali tirade is a shocking new low | Moira Donegan - The Guardian,-0.2878787878787879,0.5848484848484848,Negative,The Guardian,https://news.google.com/rss/articles/CBMilAFBVV95cUxPdDBTQVZfdy02a3VSYnE1Ulg4dWUtLTZMSzF2VXRtZ1FHYWVwd19nUjZZTE1OOWY0WEpRcGhBVnNsLVhLLWRuQWxrNEQyRFFrVVRKZmptc2Z5d19MN1o2S1FlUk11dGRJSWNRSmsweE9LRVBvMEdGbTZvQ3ptcjB2RWtaYVBSeWJ2dWFHZzlfVGhmVUEw?oc=5
2025-12-11 13:00:58,Trump’s affordability argument just got the unlikeliest champion - CNN,0.0,0.0,Neutral,CNN,https://news.google.com/rss/articles/CBMihwFBVV95cUxQbnJYb1VBenlyLXBORVlvdElMZzh6SG9CUm92RVhvcHYwZjkxMVhFdFNkSU5ybUFvQU9ETG9QX0VqYkhVUkVQSUMwOF9kWmRQdDBvcHZPMklJRGlqaHhmWkVaSURwejI5S2x6S0RVVGZDTTM1dEpXQ2FMS0RBbDZNczBvZ3ZOeDg?oc=5
2025-12-11 12:53:26,Trump’s approval rating slips on the economy and immigration - AP-NORC,0.0,0.0,Neutral,AP-NORC,https://news.google.com/rss/articles/CBMikgFBVV95cUxOM200OXFJeEVLYjVtQTN1WmQyWVBYMTlBekdhYWNQazRvcHFYanVMWlV3ampWYUw5em1LQkVJOEI1SjhCWmNWVk9PS19nYVJfSWFIQ1NmTWctMGJnTUF4UXNlUEJ2el94ZFBaVXJFOENNaDJ6NVZCNWZxSG5HeTdKMEJBak82MUF6elpXYnJ4c2dHdw?oc=5
2025-12-11 12:15:00,Why Republicans in Congress are turning against Trump - Vox,0.0,0.0,Neutral,Vox,https://news.google.com/rss/articles/CBMidkFVX3lxTE5mQWljaHMzWjJaS2tXUTA0cnJ6aVd0ckhFQWR4dXpRQTdTRUVLZk1mZWtYTWR2eENFT0w1TFRBTHptQzFOelg5NDBqWlJYSDV1TU1pS2d6bFA2QjFIc1hORUwtaFJSWDJKdXdjOGp2R3NEVWg0bVE?oc=5
2025-12-11 12:13:00,Donald Trump Economic Approval Nosedives with Republicans - Newsweek,0.2,0.2,Positive,Newsweek,https://news.google.com/rss/articles/CBMilgFBVV95cUxOazFSOEJCQjBEbF92dDlCUzVkS0JQbDdSME01UDJOclM3NXhzdGdRS1lxUnMzeG9Da2d3VnIwamhCMHNtcGhfZlhpNU96b0VqOUJrQkRlVk8ySDd1c1Z3SXFLREZSRzNMRnlIRmdtN0IySFlfQWZxSXJtZE9pSFhXN1JTQy1GZ3RVV2hLR1g5WkROdFBOZ2c?oc=5
2025-12-11 12:11:12,Why Indiana Republicans Are Standing Up to Trump - The Atlantic,0.0,0.0,Neutral,The Atlantic,https://news.google.com/rss/articles/CBMinAFBVV95cUxNa19IeEd5cVBUWVdwYjlpU1VuWlJud1JoNm93eVYxZnVVdW1TNHZzTlZPSUJwNV83MVFoMDZzRFJ5LUpZMnE2U2JZZU9sV0trN0tvbWlVNEVUVFVsT1pGazRlcFREcEpZNFdVMDBlU2xhWW1Cc1hEZUZqQmVmNVRlX1BESGh6enpfTE5zeHpoR3pidWZyUEhyc3ZfWTY?oc=5
2025-12-11 12:03:00,"Latino voters helped Trump win but support waning, survey finds - azcentral.com and The Arizona Republic",0.8,0.4,Positive,azcentral.com and The Arizona Republic,https://news.google.com/rss/articles/CBMiwwFBVV95cUxQVmZIMG5xRE1jOF84QjU0QTdQSkcxRkk4ZGtUZEZoMnlKdFBQT0ZGX1RHWVA1X0lsbXUta2pRZS0yQlZCRDR3SHJHRXp0dG92emlHTk53QTBCMU52ZzBMRzVnYzZqQXdJSllwVC1XZnBNQU4tbVJzbjkyVWtlamFRV0hfbXFxX2JlS1FvcmpTTHFUSG9EQTlEcmYyZzUxTjdRd0tjUXVwUnBtdjg2aHVHUXI4cnFsaF9xLXExN0c5ZWNHTTQ?oc=5
2025-12-11 12:00:00,So This Is What ‘America First’ Looks Like - The Atlantic,0.25,0.3333333333333333,Positive,The Atlantic,https://news.google.com/rss/articles/CBMinwFBVV95cUxOTkFINHJHNFozbE5JcUJ0aW9MU1BzVFEwTnloa2NjZXhuY25MUkNiaFhyYklPYXIwQmdqbDJWNU5pc01LbU1pRllLc01CUEJ2bEpBQmZRLUppUDBCdi1YaHM3UDF3ek9Kc3YyazQ3UDRkbU9HVzZfUlBYckk3ODRMWlI2R3hhTVQ0ZWl5bmpCM1lWRDBrX3pZX0Q0UmVaRnM?oc=5
2025-12-11 11:16:32,America’s Supreme Court should strike down Donald Trump’s tariffs - The Economist,-0.15555555555555556,0.2888888888888889,Negative,The Economist,https://news.google.com/rss/articles/CBMirAFBVV95cUxQNFBjVGczTHlrTkRPV1ZlVS1aZjZxUmFQcVQza2xoMGVkNlA2LUxZMUhLV3J0WFFtYmdTcGZBYW5HYkFjSXJkMk9SWFl0aWtmcXF2dnR4RTNMc3NVSzlUeF9Fc3lWZkZRWk8zZnZHbHlqR2JOczlZNVJ1RlcxaGpkSUphOFlYbkdyXzVxOWRndnNteEExSW42dElXMUJNYUxUaVZ1NEtCV2gwbEVD?oc=5
2025-12-11 11:09:48,Russia's charm offensive on Trump leaves Europe scrambling to win him back - cnbc.com,0.4,0.2,Positive,cnbc.com,https://news.google.com/rss/articles/CBMirwFBVV95cUxNOVNIYzdwb1lqdWRfakZtcHludDRKWmF0R0FGaV9LN3RmY1hZSHp0a2E2Z3RIc0xYRFZjMzRnRERUbzI0V21UUGNBaGVHUWZHQXcxMGNtWnlnYmFwTWJmX0M0elNaWms2TjBPNG1NQ2pBSjV0ZUROSDA5alcxeHBRMHBkMHVIdXJMbC1WaWMxYVlkaWJuc1ZLN1ZLN3lyMFZaUEJIRWt1Ump2VFBKSnpB0gG0AUFVX3lxTFBRQ01wMFJVX2NLTlZRSkRjcmdkeWRVWEFBd2tqV2FOUFdXV0k3WGZBRHJlM2xRdTY4VHFPLUZHZkRacFZUSENGRXZqQ0Y0YnNiMURjY21HRjNtNkdnSXFhTUhLbGMtOGFTR2QxQzJUS1JyYm1vSVBsN3dMQnBBYWN5Mll3ZFBOZ0g4VFZWbld6RWhjbHBLUjhYMXFvZFhuYUpVTE92Um9aVnBoSDMwM2oxU3RoaQ?oc=5
2025-12-11 11:07:52,Contrasting views of Russia show deepening Republican split over foreign policy - Reuters,-0.125,0.125,Negative,Reuters,https://news.google.com/rss/articles/CBMivgFBVV95cUxQYkpvQzRVUEtqcklqZW10bjk5aEJlclUzUF94ZGFvMG10M3A1ZmpiM0JILVZLanlqQlpwLTVJN1hIZTE5Ym9hZHkySlgwOEszRFpKVjBjTUcyZ3FLMnprNmFSX294Um41SnlBS0hZQ2lXVWtFZkg2NURHc1JfS2NEOVJTRlhENUNYd0VURHZsSUF5c0hHM0lTVVliRVUxenEwR2N3ZFlwTFdSOTRoVkV4NmpNSjNXbGVVbnViNlJ3?oc=5
2025-12-11 11:00:59,The Civil Rights law that Stephen Miller says ruined America - CNN,0.0,0.0,Neutral,CNN,https://news.google.com/rss/articles/CBMijAFBVV95cUxPdXp2Z0VkSnlDVThDNVpUd2hMWHNDdm9VZ2JVQkxSWnhsZWhuSGtrNEtNaW1FYVhMa2N6T2FiWWs0YzNBb05CQ21tSTdyTWdUX2tyZ08yakQwdUZhU3JGZk9ZekRITVlaUVpWdXVhMUpNS01FSVViSGh0V00tdTBVelBSY2JFNkN6UjYzSw?oc=5
2025-12-11 11:00:39,How Trump changes the world - Politico,0.0,0.0,Neutral,Politico,https://news.google.com/rss/articles/CBMimAFBVV95cUxOR05nZzNfaUFYdEpfZTlNbjdNTVhzeU9zdHdiem9DY3FyTTJJNHZQdnNzRDFlUm1Nd0c1bVJ3TUlfUk9XOGZFV3NPMklvWmVFdTdZM1lvRGl4VmhMczRwUjNPZVJGZ2E4RlJRc05MeGMyUjhWbi1vMkRfNlVocGdKZmpuTFBDdHZNV3BZTjZrZDhORmxSako5dg?oc=5
2025-12-11 11:00:00,"Commentary: In Trump's regime, Catholics are among the most powerful — and deported - Los Angeles Times",0.4,0.75,Positive,Los Angeles Times,https://news.google.com/rss/articles/CBMijwFBVV95cUxQTE5EbW1nOVNKY1oyU1BJakJOTU1MNng4UUpwaU0yaEQ1elVydXhORDhxNGdWLVJXRVdLQy1GeDNmY0U3TDNZZFFSbC0zTUVUTklKRWt6b0I5RUFCMlhkWFF6aDBzWVFPU2p4cmRRN1RnZUwyQzJaXy1felZlSldLWE1aeFVHU1NWbnloZkp5SQ?oc=5
2025-12-11 10:00:59,Trump isn’t to blame for affordability woes. Neither is Biden - CNN,0.0,0.0,Neutral,CNN,https://news.google.com/rss/articles/CBMifEFVX3lxTE9TS2szZndldEhlZTRkX2FiQk91UVZNSnltczJfOEpnMHdQTWxBUDhpQzlLbUtxYWxQZlZTQ3d4Y1Zsd3E3dlJFWVBsQjZvR2lDd01uSldYSzVpOW5ad2RrUjdkQ1VkcEdKLW4wUVFNengwS3B4YWFrTmZ3SDg?oc=5
2025-12-11 10:00:59,Republicans worry Trump is missing the mark on affordability - CNN,-0.2,0.05,Negative,CNN,https://news.google.com/rss/articles/CBMijgFBVV95cUxNM3RhZWlwankxOENjYUg5MHJSZUxRMjlsTDBkbGxreEYzTEpIdWNxSDFaSXlvXzdPWUx2Tm85YkZLSlRLUHZSdVN1VDhDVGJRbTNDZHRKcEpxV1E4UUVkbDZrcTg3N1V3UTZNT19vVE9ocURxS2J3VFVUUmZmNmxNb3RiQWxUajh1aTlYX2tB?oc=5
2025-12-11 10:00:00,U.S. judge rules Trump administration’s freeze on wind energy permits is unlawful - MPR News,0.0,0.0,Neutral,MPR News,https://news.google.com/rss/articles/CBMikAFBVV95cUxORi04RkNCa3pmRGNIaXRHTXNrMXZsSXhRWXdCM3ZhQ1d5V3pRcW9qR0dMQzRqR0F6eU5BTzlCclg2VllEdDFMb3hSTzdTRVQySkdDLU9WYjFvZWREcVZXZ2NmZkZMS3VKd0Z5RHhicENmUFFZWFhvdS1aMlIwYUQwbU1wWFkwZzZXMGRVOFFBelI?oc=5
2025-12-11 10:00:00,Remember the Torture Memos? The Boat Strike Memos May Be Worse. - Politico,-0.4,0.6,Negative,Politico,https://news.google.com/rss/articles/CBMiqgFBVV95cUxPcjFENGlIdzQxSk81R1VqRzdYdi1XbkpPWmlQUTE4UGh4N0lSRjNmb2hibEZRMWpRNVpDS1FueEFpcTRodXdnODV2MHIteGJfV1NwZ053WjA0S1FsSmFkYjNPUFNzQXk1bDhPSFc3SVF0VzBhUzZKaTZJZlFsVTdCZXZRUDRBb3hpSm9TcE91U1FseTZWWXpmWUczX3RTXy13M3hYcGFHLWdJdw?oc=5
2025-12-11 10:00:00,Trump calls affordability crisis a 'hoax.' The data tells a different story - NPR,0.0,0.6,Neutral,NPR,https://news.google.com/rss/articles/CBMijwFBVV95cUxONTlZNmRGcjhJczhEamN3b29na1JXaUR2bHd0eGxuVmJYdEtPdndzU25IYWZJSDN4SXhhMUFNdFF5LWdCYXR3RTVEU25UVUtpb0pXVEZ1d29OTHhob0tMLVdqUVVwbE1SWVZDZ19nWkNZajRnejRxeWpaZS1hVkhUYnlxODk3YkdBdl9LVnF0VQ?oc=5
2025-12-11 09:45:00,‘Windmills are a disgrace’: Inside Trump’s war against a growing U.S. industry - Politico,0.0,0.0,Neutral,Politico,https://news.google.com/rss/articles/CBMijgFBVV95cUxNN1dPb0Nfc1ozQXBCZGluNXFqdjdLZlZVVmxyYWxqRVJHa0paMjVtNE5mYXpDRldVQXU1MjhQWDZBT0hUcWdvRmRELUw5RnVSekRuX2JYbXlucW5rTV80VHlydTFTNDdIMlJIcG5BRU1ILUp4eHhHVzNJNXZSMTR5QmdHR1luUTBGdW9NdzNB?oc=5
2025-12-11 09:45:00,Trump still hasn’t endorsed a plan to avoid impending Obamacare hikes for millions - Politico,0.0,0.0,Neutral,Politico,https://news.google.com/rss/articles/CBMiigFBVV95cUxOaTFqYW0zd0NWZEpQSGMxOUZsQ0d0N2VPUTBiMV9zZDliZldwODVCb0hlbVdNNnlFNTZjdUFKcnVGcElUemVSdHNtanhRc1BzeXN3Q0NSbTZIaDJpMGZsVUw1b192WUtmdVFHNVJZdEZuV2U0ZHBzZVBjSy15NGR0dGdoZms4bGhVdXc?oc=5
2025-12-11 07:29:49,Trump ramps up hard-line rhetoric against immigrants from 'sh*thole' countries - France 24,0.0,0.0,Neutral,France 24,https://news.google.com/rss/articles/CBMivwFBVV95cUxOTXFOaEdvdUc0SUtWRk5oY0lIQXg1M0tzbENqNVNrSng4eFIxd1M0SEhJc0p2THJWS1Zyc0JCR3cwZWU2Y3dhXzhFRUlydl9NdXhjbnlkSnFTMlJxWTl1TjFRXzV1cmtiZE9KVUVMbk1TdXhQVVNLTVVxbU55dmdBZk1BQ3NVT3BHM1BqNEZ1YmU3UUVURnVKY0l5N24tN0wxMW5IYjJKZE5vcDFaanQwc3hadk5WRkhHQ3ViTl92aw?oc=5
2025-12-11 06:52:00,Trump Says U.S. Seized Oil Tanker Off Venezuelan Coast - The New York Times,0.13636363636363635,0.45454545454545453,Positive,The New York Times,https://news.google.com/rss/articles/CBMikgFBVV95cUxORjVSVDhDekcwNGdKNGZIT2k1clRTV0k2OWlwMi1sb21rbDZXckFVdmFiNllsSWVsakRJZjdkSnBOd2x5OXp2TWhGU2Nma2dSWld3NzdWUnJ3STZnTDVFenI0SW9tWkF1SmdPTFJ1aGNFdXplMkliRklTSGZlQng5SmFNTGQtakRLejdFWUl2Z0I1dw?oc=5
2025-12-11 05:22:37,"Trump’s face will replace images of national parks on some annual passes, environmental group sues to stop change - CNN",0.0,0.0,Neutral,CNN,https://news.google.com/rss/articles/CBMimwFBVV95cUxPUWtScFU1T0tCYkZkd2JGeE45dkRock5FTnplVlR6YVpqckJQT1dyR3gxSU4yOWRLRlFCU1p0dDZXNkIxbGpFY21ocFEtS2lURjNHbkRyOGF3NUFKMFlHZTlDcWJBSzkxLWRwZnVQNTRic1JvM2RnYXdvR1QyR3ZKeGlRUnhlanNlWnMycURoQW1fVTVHNDUyMWEzRQ?oc=5
2025-12-11 05:09:15,This really may be the political end for Trump - The Fulcrum,0.1,0.15000000000000002,Neutral,The Fulcrum,https://news.google.com/rss/articles/CBMidkFVX3lxTE1UZUV4UnJLZHFnZjg5dVNsYlRFN0JKQVdMX2cwOVBXdjJ0VUVhdzlhcFZxR1QzR0VnLW9UbU1iVDJadm9XVTR3V2RxZERsbFBWei1GczEyTWdYUW16VE03UUZoMzdBdnJUcWIxWEVnSGJ1RUhTaWc?oc=5
2025-12-11 05:06:18,What Trump’s latest dramatic Venezuela move means - CNN,0.033333333333333326,0.75,Neutral,CNN,https://news.google.com/rss/articles/CBMifkFVX3lxTE4zYm1BTWF6c1dnMVZGZGpVTmZVMVNxcG9KamhuRlFlcDBXVnJMaEFYZFpfcG9lcGlFNXJUa1EtODcxbVhTaWFkSFpXSkRNWUUyaXUycmRQcEdmWGNzOFVCT041LTZ6S0VvbDVqUGUxdmgtbTI5YmxMQjljWWxmQQ?oc=5
2025-12-11 04:32:00,Trump says US seized oil tanker off Venezuelan coast | CNN Politics - CNN,0.0,0.0,Neutral,CNN,https://news.google.com/rss/articles/CBMilAFBVV95cUxOZXVERnNvNUJ2dUFxNEVJNVRfa2pvUkF2a1p4Z3VVLXdmNWVjdUtOSVZqdWxFeWI4enk0ajVwVDZacGhqXzJZZE5xeEQ2Z2xrQ3NvNjhMU3luOU04VDlVTzdoODZ5Tm5wTWhzeDUwbVJubjJLMUVpZ0FpRUgyREtvR2VIU0RzYjlDTE1YbU1FUmRXT3lp?oc=5
2025-12-11 04:25:07,Trump finally confirms using vulgar slur about several countries in 2018 - The Washington Post,-0.2333333333333333,0.6,Negative,The Washington Post,https://news.google.com/rss/articles/CBMimgFBVV95cUxOSnZ6WWVucFFIaEp1bzQ3cmsyNFRNNzJ5ak4ydXRzM0RnSzBiS0FrakhNWjUtcnZocWNvbGU4T0VmMlE2VVRoa1kwa1FtWGlUcWYzNTNMejhIMmxRVlJXRkxfRmt6U3FWZ19GUFVHWk1zZjFKSXlnVURxY1NOU0xuMExFY3lqOTNtZlJidWpNRUZsUFdkZHBuSFhR?oc=5
2025-12-11 03:27:00,"‘Trump Gold Card’ launches, offering expedited immigration pathway with a $1 million fee - CNN",0.0,0.0,Neutral,CNN,https://news.google.com/rss/articles/CBMigwFBVV95cUxOM1NoOTc1ZHZva1l0YWFaekctZ0JhYWliNjY2Y050elppcmpMVkpOLTZFVzd1ZXBvZDVmd1RDWFdTSm5nZG5paENDWmNEY1JLNUNRZHJPYUU2MGNVMGRUMlp3Rmh6cVVCaWhOaE9Ucko0RVRLV2J6WkwtVl9DSDFILWczaw?oc=5
2025-12-11 03:26:39,"Trashed by Trump again, London mayor calls U.S. president ‘obsessed’ - The Washington Post",-0.5,1.0,Negative,The Washington Post,https://news.google.com/rss/articles/CBMihAFBVV95cUxNRDBqelFtV0RTeGZSN3JJOTdPLUlJbUdoaUQ5dVZZTHZtU2ZsTXdYQ0FQdl9SeXJ3dF9sTVEzOWswS1VFekxnNFpUSlBVV3RZX1FfcW9zam1qangwOFJMOEpSSEp2VHA5TExCNlVIVTRmTGFhYXJmTWQ3TWRTOE9BQ3pSajg?oc=5
2025-12-11 03:01:00,"Trump dominates democracy in Europe, international POLITICO Poll shows - politico.eu",0.0,0.0,Neutral,politico.eu,https://news.google.com/rss/articles/CBMid0FVX3lxTE15Y055SUpudGhRcmpjTEtnV1Jld3pUcXQ1NFphaW55bUtoLUFFTE1tcDFiZ044a0lMSVpUSUg0ejBlTWhoUmlNdERVUG9PQ1l1ZU9xX0o1VV9aWngzcUJEWUlvd3UwelJ1OXRVRTJwMURyZU9pY0ZJ?oc=5
2025-12-11 01:10:45,Trump launches $1m 'gold card' immigration visas - BBC,0.0,0.0,Neutral,BBC,https://news.google.com/rss/articles/CBMiWkFVX3lxTE9Zc1UzZl85TWZpc243aWN6TUxtN3F6N01sTGFRWnB2U0RFOWVQRWFPWHBha2NHclB1R2tIMW9FSkhHZ2hZbzRzb0pJWWhEZFd4bVpmVnBJZmhhQdIBX0FVX3lxTE1OeDlybm5TTEU2dElzZFdKYVpvSGd1aFJtN1VYanBfOTF0bjMzbE0yVnRHeDJfRjJLNGpOcEhfN2pUbUFaRmZZVzVEUi1DSVFyYUNYVm1KTVppN2F3YWZv?oc=5
2025-12-11 00:47:00,GOP lawmakers seek Trump aid for agricultural equipment after tariff pressure - cnbc.com,0.0,0.0,Neutral,cnbc.com,https://news.google.com/rss/articles/CBMihwFBVV95cUxQYmdpdng1bXVGMUtKdlROckxXWjNBRVQzYi1xVFhkWEhzQTZmMUNoZVIxRVNJMFM0cW5xUFBrMmxlaHlMQ2Viek1TaDY2RXcwQm1fLWZPelNxaGkwTm05T2c1TlFjbllhc3pEenpwMTNaWk1KZ1F2b1FNMEczc3RtTVlzbkw5dE3SAYwBQVVfeXFMT2xKc3ZZWnhFaGtMNzBmdkZSb0Z2UDQ5aFh2XzE5Y0xUeE5IWWZMWjZaNThDWHo2Q3Q4SEdqTnViYWk3UHNxazRnVEFEU0lxTURUbnNQTFlQRHFnLWUxUG9ZU0EtT0lXWmp4R2RoT2VrQjlqeENzaWNwM1pOeFlycHljVkQxeXQwZkhQUWw?oc=5
2025-12-11 00:30:00,Trump is upping the xenophobia - CNN,0.0,0.0,Neutral,CNN,https://news.google.com/rss/articles/CBMidkFVX3lxTE5oTHp2aE9LUmZHdE91UlNNYzVYeFlXTXlHMzBENzFwTUN4OGluR2o1bDg5VWQ3N2RqYlcyWWsxT0NocmRLSjdJSVhVRk9JcDZtUW1SUHNJb3pxdDBkV0U1anJKcE5GNWl0YzJ5R0laSWRUUXI3aFE?oc=5
2025-12-10 23:40:49,Trump’s affordability speech turns into a rant against immigrants - PBS,0.0,0.0,Neutral,PBS,https://news.google.com/rss/articles/CBMinwFBVV95cUxOdld1c0ZsRFpNMTgwWTdQLUdTRzJ0RmZKbGFMcWdJWmRTWFU5OFpoS0VwbVVBM3BUdEJFMWdrZk1nOVNfZEdSSGZMUGtHakhLM2VEYzcwVl9Zc2phakEyRnd3NUpnMmpSZDlUUFhQQ09jcHBuZHBkZllYdUpxenJrRXNfNm9MOHJmZlU5U3Z1blJ3aTVuTks4WExWZEVkUTQ?oc=5
2025-12-10 23:14:22,Why Does Trump Disdain Europe? - Politico,0.0,0.0,Neutral,Politico,https://news.google.com/rss/articles/CBMipAFBVV95cUxPZ0RMQjJNU05yWGxTSk0xLWRUUjlVQ250anN5RmNyVWlfbFgxVUU0eUZOOEoyX1NUeDhzV0d0LWk0Rk8wRjUzUU9iNDdIWkYyXzQteUpNNmdsaUVxSkZnbVo5di05ZGp3dWhVVENsREt5c194cXZtenlRbmJXY1d1QU9zSFlSa3pZX2dDdzFPMkxNNTlWZnAtNHdXZ2d5SWdrWEZGSg?oc=5
2025-12-10 22:41:58,What Is a Trump Gold Card? Applications Open for Million-Dollar Visas. - The New York Times,0.06818181818181818,0.4772727272727273,Neutral,The New York Times,https://news.google.com/rss/articles/CBMidkFVX3lxTE9BbnVJa2xwRjhjNXRaSmdvcmpBZ25wYUw5NEtTWXl1ZEpqaHZsTUtyaGNPX3NIQWlyVjdkYk12QWlTVENOMmZnOHM3Nm5OUG5LZVV1QW9neE9Vemwyd29BNUIzcldPalFfM3pra2xPZkttU1laSEE?oc=5
2025-12-10 18:32:39,"Trump ramps up anti-immigrant rhetoric, embraces 's---hole countries' phrase - ABC News",0.0,0.0,Neutral,ABC News,https://news.google.com/rss/articles/CBMiqwFBVV95cUxPUllkcy1XUzZ3aV95WGN3X2ZCVFFWXzhDeFJFZUo0SWMtRXZrcWtqdXVaa3NQQWc5Um1FSjc5UzAxaC1wVGZqZFBXc3VBZ3Q4Ul9iOGV6eEgyT2JJcDdzS2JEaUFiT0hRejRQdGhoQlI4WmtsYzBTRXNJT0FPdWE1WWlZMzJPRlV3TXZyVGhsX25yVlpSemJNSDk1cjE2NXFhZ29hb3A0SFFOVlnSAbABQVVfeXFMT2RnaEdkQk1EVEU0WTZLT0VmcnpUdVE4R2p6SDBDNER6MnVwZldsMU5kTFdYUEI1WlRCSlIyV0V6aEJybms2LUJRSkNFUGNZamFBVFBXX284NTh3UkxvZHdDb3NGRkQ4MmZITFkyYUtYRmJfUmFFV0lBNWI1ZWhueTJDS3I0bWt5Uy1kSzNRb0xndGhJZ1lBMmZsbzFoQWFibGlGT200OHFncm13cnpSenk?oc=5
2025-12-10 18:31:19,Trump veers off-script and does little to calm Republican nerves - BBC,0.05625000000000002,0.625,Neutral,BBC,https://news.google.com/rss/articles/CBMiWkFVX3lxTE9QdFdwcTBEWlRRc0VHcE5NR1daaXRmS2g0S2tLWi1WNmllX2ZXVlVMX2JjTUhPaHlhNnJJckRqMGhsTVpKS0dDUHozWEpwS0l0NWplbjgzTjNxQdIBX0FVX3lxTFBGdE1lSXl0Y1FGSmhDQzdfTU02bkhzM3gzdVFTdmoxY3lCaGNLOHlRS1dHQ1YxV3BlclNDb0pFZklmMFlBYXFHeVVOc0psR1hBbUkwUERVRnJmeGhheGhV?oc=5
2025-12-10 16:49:34,"Almost eight years later, Trump confirms he used the phrase ‘shithole countries’ - CNN",0.0,0.0,Neutral,CNN,https://news.google.com/rss/articles/CBMihAFBVV95cUxOV2V5ZnZzcjBDVHlRZjBtVHhCQWVQSU5pRUtkd0VBOG5SbEdkV2pkTlY4VGd5Q3lZQUhTQk1Bb1pWVjNGZVBKV0lXalhyR0haSWtWNkpvNlNySVZjUURiLURpMURoMUZfUVJKdVR4ZWRfdWVORmh6akRZcjVTN2hmU29xN1I?oc=5
2025-12-10 16:22:40,"Don't let Donald Trump interfere with UK democracy, Ed Davey tells Starmer - BBC",0.0,0.0,Neutral,BBC,https://news.google.com/rss/articles/CBMiWkFVX3lxTE1EODBmZlFQZVdvdHNLUGUzWXlBZkVMQTNTYUowNTdsUEdDZ0pTbGY2WXY0M3cxcGhqdlNhSXNVaEdQTzU2MHVBR0VvQVNWaHF5Yy1VQ2pOUkNrZ9IBX0FVX3lxTE1GbHN6ajhXY05Ya2MxbDRmb2V3Qlk4WDVSbUFfVHZVU1V2dllsaXQ4OHJuOUNOYlhtMTB3NTBXdy1RNi1HX3JVWTd2RVlTQmJNcVIxX1Juc3pjQ1lldV9v?oc=5
2025-12-10 16:14:00,What Explains Trump’s Aggression Toward Venezuela? Who Knows. - The Atlantic,0.0,0.0,Neutral,The Atlantic,https://news.google.com/rss/articles/CBMijgFBVV95cUxNaWtFZnpuU2RRR1FSajRBYVRUOVBXeWx4c0tVNU1KTTZYbDNKQm9rUUtEZWcxVFg0aU1ZWVR2NUR1UVloMkhEZU1jWTJJZDgySy1Wc2NwZXAxUDJqYjM3TkQzUGVIRlgxNVZHZ21udGRGSHlpelk5c3lUOExzeHBkY3d2R2dTMm1TWlJ4TDRB?oc=5
2025-12-10 10:25:14,The Supreme Court is handing Donald Trump more power - The Economist,0.5,0.5,Positive,The Economist,https://news.google.com/rss/articles/CBMipgFBVV95cUxPcVloeVBFWHNOLWRLR2cyVzRVUWZ4bG9WX05COW9mM0lkSmR4a3pyZEstaTZ3VVhRdjRLOUpIbEcwZ0ltdnpuZjA4WHIzcWo1WUlpNThQX2pKVTdHU19hdDhReGRpWnNWcHJsSzJKNXJUU3V3WnJlaXcwdFVIV2d1dWVsSDZOM2VxZGNtZzlvREpBNHFJb3dIdTlXRHhOVEd1V3BJWUVR?oc=5
2025-12-10 10:00:00,How Trump is remaking one agency to aid his deportation push - NPR,0.0,0.0,Neutral,NPR,https://news.google.com/rss/articles/CBMilgFBVV95cUxOZG55TzJBUXdaVmwwRlVRRHp1Q0RQZDBET2lrT2xyS3lfd3RYNm03TUNpdnJoUXBCcEEtQXAxWVpNYUkxNVZabE1ZVEN3MXN2OEgzclQ3YUtIYUNFLV93SGdkR053SVJEOUtNUFhydUNwZ3BTN29qVmdPTzhxWlRZN0tqQy03NXpHSW55N3JGTF9yNDNzRlE?oc=5
2025-12-10 05:00:58,Trump has ‘fun’ but fails to feel Americans’ pain on prices - CNN,-0.1,0.25,Neutral,CNN,https://news.google.com/rss/articles/CBMijgFBVV95cUxQdzFRdFMzeVRONk9nVVlMT1NDSS15WGRRY3IxLXVrMG5nQ2pwNkhTZktmeHgwMFFJSWRnNWhqNVY4b0prOWNObnNPRlBidVJHVDRhNzRRb1hXOTNhZzFFak9TU3Y5YTZYV1VtektSQllCVk15SUVzM0VselZTaDVDS3ZVT3lyc0RMaUZHdGhn?oc=5
2025-12-10 03:48:00,Why is Trump so obsessed with Venezuela? His new security strategy provides some clues - The Conversation,-0.18181818181818182,0.7272727272727273,Negative,The Conversation,https://news.google.com/rss/articles/CBMivAFBVV95cUxOeFlOdzh4ODZKSndybWtCc29yRkN1MUxCSS0tbUNRQTJDc2NCRUp0Y3ZWWjdxV2NTSlE5X2VZS1BVNnJHcEZyYVhBVEp2QmtmS2dHb0pzYlB0ZW53SFJzandZZEpWMVpkTWNXWHJ5czRTanJfZUZjVGp3RjAzTmpDV1hBblJxS3o0T25UMUk3ZzlrcTE4NF9QdmNsWlZ4Zm85N0Y5eFFGNFhHbUxrcTh2SnEyYWdjMDg4LThFcQ?oc=5
2025-12-10 00:32:16,"Trump Says Americans Are Doing Great, Even as Views on the Economy Sour - The New York Times",0.26212121212121214,0.4348484848484848,Positive,The New York Times,https://news.google.com/rss/articles/CBMilwFBVV95cUxQMnpkOG9sNnhvMVNjdWsycUptT1kyY2Z4NWJ4YVhrQmpUaDk0VTh3bGRyNnBseTViVkNxNDkxdHhNald3SjR3dXZHSEZiYVlrUVJ5SktKaW42MHRndVNER0ZKWm9UcHRkcWVxb0l1MXZMSXMwXzc5WWhHZHJUSGs0Ymgxck95X1J4dGVKcWVMYk92aDNjb3Zn?oc=5
2025-12-09 18:19:38,Donald Trump’s flawed plan to get China hooked on Nvidia chips - The Economist,-0.5,0.5,Negative,The Economist,https://news.google.com/rss/articles/CBMiqwFBVV95cUxNcGdZV2JKMmdTY1NQdkNRNVlibEJiN09vQW1OSTUtN3BuMEstazFjUjBid2pYcHlZLWI2T1Z2Z3NYY0hUMnUwX2dsNFBaWDdWS3ZFZE5fb3JPSGh2bnhXTWpTQlNzYVhFb2VnbWFkaDdLRDBYS3ZhcDJfNWd0SXNnQ2pFTExLUEtEQmRnSGdUbWliOFg3bXJFNWljZ2p6Znc5bTBFQ2VtU21LUkU?oc=5
2025-12-09 11:00:00,Trump thrashes European leaders in wide-ranging interview: ‘I think they’re weak’ - Politico,-0.1875,0.3125,Negative,Politico,https://news.google.com/rss/articles/CBMipwFBVV95cUxNTW1ZMFVDcmlUNExvMHUyTmNTSy12bG9rR1ZlbklDeHZzclg0NjVWOXJEZG5zNDlwN1pyVmo2UXhJcV9mMlhqS0Z6blJwVV9rZ0ZISVpFTGtCT2FtRjJhMlBWdFkwM0JuTHRLejF5MktEV0Z0NEFKc3pYZzdCbV9CUkpja2hPWkl5YVF1YWJ3WlcxVFFiX3FuYmJPYWhLeC1qR1IxMTBLYw?oc=5
2025-12-09 11:00:00,Full transcript: POLITICO's interview with Donald Trump - Politico,0.35,0.55,Positive,Politico,https://news.google.com/rss/articles/CBMikgFBVV95cUxNLTV0M0ROQ2Fkb1VyQ0NKNEJyNGx5MTVRS3lNNGVkUXZFenptVURZZVkxOGVLdVhQaVFoUTlfMF9PSmpsNkRXYVJlQjJ0UFpRWTlaR3NydVBTVUQxanRPQ1NFRVQwOFYyUU9UeDVqMTJwLXpqQUZCcDVlcm04RjFHaWNjVF9aWFRYdDlLdDRBSjl1QQ?oc=5
