Date,Event,Sentiment_Score,Category
1987-11-01,"Releases 'The Art of the Deal', becoming a best-selling author.",0.45,Positive
2004-01-08,"The Apprentice premieres on NBC, becoming a ratings hit.",0.45,Positive
2015-06-16,Announces campaign for President at Trump Tower.,0.0,Neutral
2016-11-08,Wins the 2016 Presidential Election against Hillary Clinton.,0.3,Positive
2017-01-20,Inaugurated as the 45th President of the United States.,0.0,Neutral
2019-12-18,Impeached by the House of Representatives.,0.0,Neutral
2020-10-02,Tests positive for COVID-19 and is hospitalized.,0.22727272727272727,Positive
2021-01-06,Supporters storm the US Capitol.,0.0,Neutral
2023-03-30,Indicted by Manhattan grand jury.,0.5,Positive
2024-05-30,Convicted on 34 felony counts in New York.,0.13636363636363635,Positive
2017-01-01,"2016
election
primaries
endorsements
rallies
Las Vegas incident
convention
debates
foreign policy
Make America Great Again
Never Trump movement
people...",0.3375,Positive
2017-01-01,"According to contested reports in December 2017, while seated at Trump's inauguration speech, forthcoming National Security Advisor Michael Flynn text...",0.0,Neutral
2017-01-01,Trump issues Executive Order 13765 to scale back parts of the Affordable Care Act....,0.0,Neutral
2017-01-01,"Possible secure video call to discuss sanctions against the FSB and GRU between Trump and Vladimir Putin, the president of Russia, suggested by Russia...",0.2,Positive
2017-01-01,"Trump speaks to Nathan Deal, the governor of Georgia, about the tornado outbreak in the Southeast which killed 20 people and caused $1.3 billion in da...",-0.2,Negative
2017-01-01,Trump announces he intends to investigate alleged voter fraud in the 2016 presidential election....,-0.1,Negative
2017-01-01,"During a visit to the Pentagon, Trump signs Executive Order 13769, suspending the Refugee Admissions Program for 120 days and denying entry to citizen...",0.0,Neutral
2017-01-01,"Trump announces he will continue to enforce Executive Order 13672, signed by former President Obama in 2014, which established legal protections for L...",0.1,Positive
2017-01-01,"Trump nominates Neil Gorsuch as an Associate Justice of the Supreme Court to fill the vacancy left by Antonin Scalia, who died in February 2016....",0.0,Neutral
2017-01-01,"Trump speaks with Paolo Gentiloni, the prime minister of Italy, confirming his attendance to the 2017 G7 summit in Sicily, and with Petro Poroshenko, ...",0.0,Neutral
2017-01-01,Trump claims without evidence that three million votes were cast illegally for Hillary Clinton in the 2016 presidential election....,-0.5,Negative
2017-01-01,"Trump visits the Boeing assembly facility in North Charleston, South Carolina for the unveiling of its new 787-10 Dreamliner aircraft. He emphasizes h...",0.13636363636363635,Positive
2017-01-01,"From Mar-a-Lago, Trump describes on Twitter a wide range of mainstream news organizations as ""the enemy of the American people""....",-0.05,Neutral
2017-01-01,"Trump holds a campaign-style rally in Melbourne, Florida, attended by an estimated 9,000 supporters, where he defends his actions and criticizes the m...",0.0,Neutral
2017-01-01,"The Trump administration asks the Council of Economic Advisers to predict 3.5% annual GDP growth, while the Federal Reserve had predicted 1.8%, just o...",0.2,Positive
2017-01-01,"Trump delivers a speech in Oxon Hill, Maryland to the 2017 Conservative Political Action Conference (CPAC). In the speech he addresses numerous themes...",0.03333333333333333,Neutral
2017-01-01,"Trump proposes a 10% increase in military spending of $54 billion, diverted from numerous other budgets including that of the State Department and the...",-0.075,Negative
2017-01-01,The White House verifies White House advisor Kushner met with Russian ambassador Kislyak alongside Michael Flynn at New York City's Trump Tower in Dec...,0.03409090909090909,Neutral
2017-01-01,"In a series of tweets, Trump publicly accuses former President Obama of intercepting communications at his offices in New York City's Trump Tower in O...",0.04545454545454545,Neutral
2017-01-01,"Rachel Maddow discloses a portion of Trump's 2005 tax returns (both sides of his Form 1040), mailed to David Cay Johnston by an unnamed source. The fo...",0.0,Neutral
2017-01-01,The Trump administration releases a preliminary draft of its 2018 budget request. The budget's largest relative increases in spending include the Depa...,0.0,Neutral
2017-01-01,"Secretary of the Treasury Mnuchin meets with G20 country finance ministers, where he defends the Trump administration's trade policy of economic prote...",0.2,Positive
2017-01-01,"Trump signs a bill which defines the budget and objectives of NASA, including a crewed mission to Mars as early as 2033. The draft 2018 budget expands...",0.1,Positive
2017-01-01,"District Judge David J. Hale rules against a freedom of speech defense by Trump's lawyers, permitting to proceed a lawsuit in which three plaintiffs a...",0.0,Neutral
2017-01-01,First 100 days of the first Trump presidency – Period from January to April 2017...,0.25,Positive
2017-01-01,"^ Naylor, Brian (November 16, 2016). ""From Lobbyists To Loyalists, See Who's On Donald Trump's Transition Team"". NPR. Archived from the original on Se...",0.375,Positive
2017-01-01,"^ Smith, David (November 11, 2016). ""Chris Christie dropped as head of Trump's White House transition team"". The Guardian. ISSN 0261-3077. Archived fr...",0.0,Neutral
2017-01-01,"^ ""15.1 2017 Presidential Transition (Obama - Trump)"". The American Presidency Project. Archived from the original on July 15, 2025. Retrieved October...",0.1875,Positive
2017-01-01,"^ The Editorial Board (November 14, 2016). ""Donald Trump Is Now Hiring"". The New York Times. ISSN 0362-4331. Archived from the original on September 3...",0.2556818181818182,Positive
2017-01-01,"^ Schouten, Fredreka. ""Trump won't drop ownership of business"". USA Today. Archived from the original on January 26, 2025. Retrieved October 30, 2025....",0.375,Positive
2017-01-01,"^ ""How unpopular is Donald Trump?"". FiveThirtyEight. March 2, 2017. Archived from the original on June 16, 2017....",0.375,Positive
2017-01-01,"^ Saad, Lydia (March 29, 2017). ""Trump's Approval Rating Unusually Low, Unusually Early"". Gallup, Inc. Archived from the original on June 18, 2025. Re...",0.15833333333333333,Positive
2017-01-01,"^ Jones, Jeffrey (April 20, 2017). ""Trump's Job Approval in First Quarter Lowest by 14 Points"". Gallup, Inc. Archived from the original on October 6, ...",0.3125,Positive
2017-01-01,"^ Rhodan, Maya. ""President Trump's Approval Rating Just Dropped to an All-Time Low"". Time. Archived from the original on January 24, 2025. Retrieved O...",0.1875,Positive
2017-01-01,"^ Malloy, Tim (March 22, 2017). ""Base Erodes as Trump Drops to New Low Scores, Quinnipiac University National Poll Finds; Voters Say 60 – 35 Percent P...",-0.22121212121212122,Negative
2017-01-01,"^ Bever, Lindsay (January 20, 2017). ""'I, Donald John Trump ...': The 38 most momentous words President Trump said at his inauguration"". The Washingto...",0.5,Positive
2017-01-01,"^ Shaw, Derek Kravitz, Al (January 20, 2017). ""Trump Promised to Resign From His Companies — But There's No Record He's Done So"". ProPublica. Archived...",0.0,Neutral
2017-01-01,"^ Vasel, Kathryn (January 21, 2017). ""Trump administration suspends mortgage premium rate cut"". CNN. Archived from the original on December 6, 2024. R...",0.375,Positive
2017-01-01,"^ ""Trump inauguration protest damages parts of downtown Washington"". CBS News. January 20, 2017. Archived from the original on July 25, 2025. Retrieve...",0.375,Positive
2017-01-01,"^ ""Women's March against Donald Trump is the largest day of protests in US history, say political scientists"". The Independent. January 23, 2017. Arch...",0.0,Neutral
2017-01-01,"^ ""President Trump Attends Service at National Cathedral"". ABC News. January 21, 2017. Archived from the original on August 22, 2025....",0.375,Positive
2017-01-01,"^ ""Remarks by President Trump and Vice President Pence at CIA Headquarters"". whitehouse.gov. January 21, 2017. Archived from the original on May 27, 2...",0.375,Positive
2017-01-01,"^ Watercutter, Angela (January 21, 2017). ""Trump's Flack Said a Lot of Wrong Stuff. Nerds Ain't Having It"". Wired. ISSN 1059-1028. Archived from the o...",-0.5,Negative
2017-01-01,"^ ""Trump, Pence preside over East Room ceremony to swear in senior staff"". The Washington Post. Archived from the original on March 20, 2023. Retrieve...",0.375,Positive
2017-01-01,"^ ""Yemen reports first drone strike under Trump"". The Hill. January 22, 2017. Archived from the original on December 24, 2023....",0.3125,Positive
2017-01-01,"^ Mallin, Alexander (January 22, 2017). ""President Trump Swears in Senior Staff, Touts Obama Oval Office Letter"". ABC News. Archived from the original...",0.375,Positive
2017-01-01,"^ House, Billy (January 22, 2017). ""Trump won't release his taxes, despite campaign promise, aide says"". The Boston Globe. Archived from the original ...",0.375,Positive
2017-01-01,"^ ""Trump advisor: 'We look forward to new ties with Judea and Samaria'"". The Jerusalem Post. January 22, 2017. Archived from the original on March 11,...",0.2556818181818182,Positive
2017-01-01,"^ ""Trump to CEOs: Stay here, and I'll wipe out 75 percent of regulations, fast-track factories"". The Washington Post. January 23, 2017. ISSN 0190-8286...",0.0,Neutral
2017-01-01,"^ Phillip, Abby; DeBonis, Mike (January 23, 2017). ""Without evidence, Trump tells lawmakers 3–5 million illegal ballots cost him the popular vote"". Th...",0.04999999999999999,Neutral
2017-01-01,"^ Isidore, Chris; Alesci, Cristina; Disis, Jill (January 23, 2017). ""Ethics group lawsuit says Trump is violating Constitution"". CNN. Archived from th...",0.0,Neutral
2017-01-01,"^ ""Trump Administration Removes Apology for Anti-LGBTQ Witch Hunts from State Department Website"". Human Rights Campaign. January 23, 2017. Archived f...",0.0,Neutral
2017-01-01,"^ Agrawal, Juliet Perry, Ravi (January 25, 2017). ""Trump tells Modi he considers India a 'true friend' | CNN Politics"". CNN. Archived from the origina...",0.35,Positive
2017-01-01,"^ Greenwood, Max (February 14, 2017). ""FBI interviewed Flynn shortly after Trump took office: report"". The Hill. Archived from the original on March 5...",0.1875,Positive
2017-01-01,"^ ""Trump's ex-national security adviser Michael Flynn pleads guilty to lying to FBI"". The Guardian. December 1, 2017. Archived from the original on Ju...",-0.0625,Negative
2017-01-01,"^ ""Mexican President 'Rejects' Trump Orders, Vows to Protect Immigrants Inside U.S."" NBC News. January 25, 2017. Archived from the original on March 2...",0.1875,Positive
2017-01-01,"^ Shelbourne, Mallory (January 24, 2017). ""Trump bans EPA employees from giving social media updates"". The Hill. Archived from the original on Septemb...",0.20416666666666666,Positive
2017-01-01,"^ ""Trump's call for probe of voter fraud sparks backlash"". Reuters. January 25, 2017. Archived from the original on April 12, 2023....",0.375,Positive
2017-01-01,"^ Tamari, Jonathan (January 24, 2017). ""Trump to visit Philadelphia for GOP retreat Thursday"". The Philadelphia Inquirer. Archived from the original o...",0.375,Positive
2017-01-01,"^ Diaz, Daniella (January 26, 2017). ""Mexican President Cancels Meeting with Trump"". CNN. Archived from the original on July 26, 2025. Retrieved Janua...",0.1875,Positive
2017-01-01,"^ ""Top US diplomats quit Donald Trump's administration"". The Herald (Glasgow). Glasgow. January 26, 2017. Archived from the original on June 30, 2025....",0.4375,Positive
2017-01-01,"^ Acosta, Jim; Merica, Dan (January 27, 2017). ""Trump, Mexican President talk on phone after canceled meeting"". CNN. Archived from the original on Mar...",0.1875,Positive
2017-01-01,"^ Allen, Nick; Hope, Christopher (January 27, 2017). ""Theresa May lays wreath at Arlington cemetery ahead of meeting with Donald Trump to discuss new ...",0.13636363636363635,Positive
2017-01-01,"^ ""NATO, Russia and trade top the agenda for Trump talks with Britain's May"". Reuters. January 27, 2017. Archived from the original on April 16, 2023....",0.4375,Positive
2017-01-01,"^ Tapper, Jake (May 12, 2017). ""Comey was taken aback by Trump request for loyalty pledge"". CNN. Archived from the original on October 3, 2025. Retrie...",0.375,Positive
2017-01-01,"^ Schmidt, Michael S. (May 11, 2017). ""In a Private Dinner, Trump Demanded Loyalty. Comey Demurred"". The New York Times. Archived from the original on...",0.17045454545454544,Positive
2017-01-01,"^ a b Harding, Luke; Kirchgaessner, Stephanie; Walker, Shaun (October 31, 2017). ""Trump adviser George Papadopoulos and the lies about Russian links""....",0.0,Neutral
2017-01-01,"^ ""Trump set to field phone calls from several foreign leaders"". NBC News. Archived from the original on November 3, 2024. Retrieved January 29, 2017....",0.08333333333333333,Positive
2017-01-01,"^ Watkins, Eli; Jones, Athena. ""Trump signs executive actions on lobbying, ISIS, NSC"". CNN. Archived from the original on March 27, 2025. Retrieved Ja...",0.375,Positive
2017-01-01,"^ ""Iran to take 'reciprocal measures' after Trump's immigration order"". CNN. January 29, 2017. Archived from the original on September 16, 2025....",0.375,Positive
2017-01-01,"^ ""Highlights—The Trump presidency on January 29 at 0212 GMT"". Reuters India. Archived from the original on January 30, 2017. Retrieved January 30, 20...",0.375,Positive
2017-01-01,"^ ""Trump, South Korea's Hwang agree to strengthen defenses against North Korea: White House"". Reuters. January 29, 2017. Archived from the original on...",0.1875,Positive
2017-01-01,"^ ""Four federal judges file orders opposing parts of President Trump's travel bans"". New York Daily News. New York. January 29, 2017. Archived from th...",0.0909090909090909,Positive
2017-01-01,"^ ""Travelers Stranded and Protests Swell Over Trump Order"". The New York Times. January 29, 2017. Archived from the original on September 14, 2025....",0.2556818181818182,Positive
2017-01-01,"^ Perez, Evan; Diamond, Jeremy. ""Trump fires acting AG after she declines to defend travel ban"". CNN. Archived from the original on September 3, 2025....",0.1875,Positive
2017-01-01,"^ Berman, Mark; Zapotosky, Matt (January 30, 2017). ""Trump Appoints New Immigration and Customs Enforcement Director Noted for His Work Deporting Ille...",0.13636363636363635,Positive
2017-01-01,"^ ""President Donald J. Trump Will Continue to Enforce Executive Order Protecting the Rights of the LGBTQ Community in the Workplace"". White House. Jan...",0.0,Neutral
2017-01-01,"^ ""This London borough has a message for President Trump: You're not welcome here"". The Washington Post. December 18, 2017. Archived from the original...",-0.012500000000000011,Neutral
2017-01-01,"^ ""Petition to Ban Trump's State Visit to UK Reaches 1M Signatures"". NBC News. January 30, 2017. Archived from the original on September 24, 2024....",0.375,Positive
2017-01-01,"^ ""President Trump Nominates Neil Gorsuch To The Supreme Court"". NPR. January 31, 2017. Archived from the original on September 19, 2025....",0.375,Positive
2017-01-01,"^ Press, The Associated. ""President Trump Meets With Pharmaceutical Chiefs at the White House"". Fortune. Archived from the original on March 27, 2025....",0.1875,Positive
2017-01-01,"^ Mangan, Dan (January 31, 2017). ""Trump vows to get drug prices lower, tells drugmakers he wants them to manufacture in the US"". CNBC. Archived from ...",0.2,Positive
2017-01-01,"^ ""Trump travels to Delaware to meet remains of U.S. commando killed in Yemen raid"". CBS News. February 1, 2017. Archived from the original on Februar...",0.0875,Positive
2017-01-01,"^ Wilkinson, Tracy (February 1, 2017). ""Senate confirms Rex Tillerson as Trump's secretary of State"". Los Angeles Times. Archived from the original on...",0.375,Positive
2017-01-01,"^ Miller, Greg (February 2, 2017). ""No 'G'day, mate': On call with Australian prime minister, Trump badgers and brags"". The Washington Post. Archived ...",0.0,Neutral
2017-01-01,"^ Miller, Greg (July 3, 2017). ""Trump urged Mexican president to end his public defiance on border wall, transcript reveals"". The Washington Post. Arc...",0.0,Neutral
2017-01-01,"^ ""President Donald J. Trump Proclaims February As National African American History Month"". whitehouse.gov. February 2, 2017. Archived from the origi...",0.0,Neutral
2017-01-01,"^ Entous, Adam; Osnos, Evan (January 19, 2018). ""Jared Kushner Is China's Trump Card"". The New Yorker. ISSN 0028-792X. Archived from the original on J...",0.2556818181818182,Positive
2017-01-01,"^ ""Remarks by President Trump at National Prayer Breakfast"". whitehouse.gov. February 2, 2017. Archived from the original on May 27, 2025 – via Nation...",0.375,Positive
2017-01-01,"^ Cillizza, Chris (February 2, 2017). ""Donald Trump Gave a Doozy of a Speech at the National Prayer Breakfast"". The Washington Post. Archived from the...",0.0,Neutral
2017-01-01,"^ Landler, Mark; Goodstein, Laurie (February 2, 2017). ""Trump Vows to 'Destroy' Law Banning Political Endorsements by Churches"". The New York Times. I...",-0.02121212121212122,Neutral
2017-01-01,"^ ""President Donald J. Trump Proclaims February as American Heart Month"". White House. February 2, 2017. Archived from the original on February 7, 201...",0.125,Positive
2017-01-01,"^ ""Trump warns Israel that new settlements 'may not help' peace process"". ABC News (Australia). February 3, 2017. Archived from the original on Septem...",0.2556818181818182,Positive
2017-01-01,"^ ""Six things you need to know as Germany's foreign minister Sigmar Gabriel arrives for talks with Donald Trump's team"". The Telegraph. February 2, 20...",-0.125,Negative
2017-01-01,"^ ""Uber CEO resigns from Trump business advisory group over immigration concerns"". Politico. February 2, 2017. Archived from the original on August 15...",0.375,Positive
2017-01-01,"^ ""Trump hits 13 people, dozen companies in new Iran sanctions"". ABC7 Los Angeles. February 3, 2017. Archived from the original on December 11, 2025. ...",0.2556818181818182,Positive
2017-01-01,"^ Torbati, Yeganeh (February 3, 2017). ""Trump Administration Tightens Iran Sanctions, Tehran Hits Back"". Reuters. Archived from the original on Februa...",0.1875,Positive
2017-01-01,"^ Brunner, Jim (February 3, 2017). ""Judge in Seattle Halts Trump's Immigration Order Nationwide; White House Vows Fight"". The Seattle Times. Archived ...",0.0,Neutral
2017-01-01,"^ ""Trump's pick for Army secretary drops out"". Reuters. February 4, 2017. Archived from the original on May 30, 2017....",0.375,Positive
2017-01-01,"^ ""Trump Posted A False News Report To His Facebook Page And Got Thousands Of Shares"". BuzzFeed News. February 4, 2017. Archived from the original on ...",-0.012500000000000039,Neutral
2017-01-01,"^ Wang, Amy B. ""Trump lashes out at 'so-called judge' who temporarily blocked travel ban"". The Washington Post. ISSN 0190-8286. Archived from the orig...",0.0,Neutral
2017-01-01,"^ Superville, Darlene (February 6, 2017). ""Trump lunches with troops on first visit to MacDill Base"". Deseret News. Archived from the original on Apri...",-0.05833333333333335,Negative
2017-01-01,"^ ""Justice Department Urges Appeals Court to Reinstate Trump's Travel Ban (Published 2017)"". The New York Times. February 6, 2017. Archived from the o...",0.13636363636363635,Positive
2017-01-01,"^ Stelter, Brian (February 7, 2017). ""Trump faults media while lying about murder rate"". CNN Money. Archived from the original on May 18, 2024. Retrie...",0.375,Positive
2017-01-01,"^ ""President Donald J. Trump Announces His Cabinet"". whitehouse.gov. February 8, 2017. Archived from the original on September 26, 2025. Retrieved Feb...",0.375,Positive
2017-01-01,"^ ""President Trump announces his full Cabinet roster"". Yahoo News. Archived from the original on February 8, 2017. Retrieved February 9, 2017....",0.3625,Positive
2017-01-01,"^ ""Donald J. Trump on Twitter: ""My daughter Ivanka has been treated so unfairly by @Nordstrom. She is a great person -- always pushing me to do the ri...",0.15000000000000002,Positive
2017-01-01,"^ Johnson, Kevin (February 9, 2017). ""Jeff Sessions sworn in as attorney general while Trump signs orders"". USA Today. Archived from the original on N...",0.21250000000000002,Positive
2017-01-01,"^ Phil Mattingly and Ted Barrett (February 11, 2017). ""Trump to Dems: 'Pocahontas is now the face of your party'"". CNN. Archived from the original on ...",0.375,Positive
2017-01-01,"^ ""Trump loses appeal court bid to reinstate travel ban"". BBC News. February 9, 2017. Archived from the original on February 12, 2017. Retrieved Febru...",0.037500000000000006,Neutral
2017-01-01,"^ ""Backing away from a fight, Trump to honor one-China policy"". The Washington Post. February 9, 2017. Archived from the original on September 30, 202...",0.375,Positive
2017-01-01,"^ ""Abe, Trump agree to discuss post-TPP bilateral trade framework"". Kyodo News. February 11, 2017. Archived from the original on February 14, 2017. Re...",0.375,Positive
2017-01-01,"^ Weaver, Courtney; Sevastopulo, Demetri (February 12, 2017). ""Relief after Trump and Abe hit it off at summit"". Financial Times. Archived from the or...",0.0,Neutral
2017-01-01,"^ ""Trump weighs revised travel ban, Supreme Court test still possible"". Reuters. February 10, 2017. Archived from the original on July 20, 2017....",0.1875,Positive
2017-01-01,"^ Wagner, John; Rucker, Philip (February 11, 2017). ""Trump and Abe hit the fairways—largely out of public view—at a Trump golf club in Florida"". The W...",0.0,Neutral
2017-01-01,"^ Choe, Sang-hun (February 11, 2017). ""North Korea Fires Ballistic Missile, Challenging Trump"". The New York Times. New York. Archived from the origin...",0.25757575757575757,Positive
2017-01-01,"^ ""Trump adviser doubles down on claims of voter fraud and of 'thousands' of voters bused into New Hampshire"". ABC News. Archived from the original on...",0.1186026936026936,Positive
2017-01-01,"^ Liptak, Kevin (February 12, 2017). ""At Mar-a-Lago, Trump tackles crisis diplomacy at close range"". CNN. Archived from the original on October 4, 202...",0.375,Positive
2017-01-01,"^ Lucey, Catherine; Gilles, Rob (February 13, 2020). ""Canada's Trudeau talks trade with Trump at White House"". Associated Press. Archived from the ori...",0.0,Neutral
2017-01-01,"^ ""Michael Flynn: Trump's national security adviser quits"". BBC News. February 14, 2017. Archived from the original on February 14, 2017. Retrieved Fe...",0.375,Positive
2017-01-01,"^ Phipps, Claire (February 14, 2017). ""Michael Flynn resigns: Trump's national security adviser quits over Russia links"". The Guardian. Archived from ...",0.0,Neutral
2017-01-01,"^ ""Trump asked Comey to shut down investigation of Flynn, New York Times reports"". Los Angeles Times. May 16, 2017. Archived from the original on May ...",0.1186026936026936,Positive
2017-01-01,"^ ""Comey Memo Says Trump Asked Him to End Flynn Investigation"". The New York Times. May 16, 2017. Archived from the original on May 16, 2017....",0.2556818181818182,Positive
2017-01-01,"^ a b Barrett, Devlin (June 7, 2017). ""'I expect loyalty,' Trump told Comey, according to written testimony"". The Washington Post. Archived from the o...",0.0,Neutral
2017-01-01,"^ ""Christie meets with Trump to talk drug policy"". North Jersey Media Group. February 14, 2017. Archived from the original on March 17, 2017. Retrieve...",0.375,Positive
2017-01-01,"^ Adriance, Sam (February 16, 2017). ""President Trump Signs First Congressional Review Act Disapproval Resolution in 16 Years"". The National Law Revie...",0.25,Positive
2017-01-01,"^ Diamond, Jeremy (February 15, 2017). ""Trump: Netanyahu should 'hold back' on settlements"". CNN. Archived from the original on February 15, 2017. Ret...",0.1875,Positive
2017-01-01,"^ ""Israel-Palestinian conflict: UN warns Trump over two-state reversal"". BBC News. February 16, 2017. Archived from the original on February 16, 2017....",0.375,Positive
2017-01-01,"^ Nance, Malcolm (February 26, 2017). ""The story of the week is Trump, Russia and the FBI. The rest is a distraction"". The Guardian. Archived from the...",0.0,Neutral
2017-01-01,"^ Baker, Peter (February 16, 2017). ""R. Alexander Acosta, Law School Dean, Is Trump's New Pick for Labor"". The New York Times. ISSN 0362-4331. Archive...",0.13636363636363635,Positive
2017-01-01,"^ Collinson, Stephen (February 16, 2017). ""An amazing moment in history: Donald Trump's press conference"". CNN. Archived from the original on February...",0.48750000000000004,Positive
2017-01-01,"^ Henderson, Barney; Alexander, Harriet; Lawler, David (February 17, 2016). ""Donald Trump insists presidency is 'fine tuned machine' after extraordina...",0.4166666666666667,Positive
2017-01-01,"^ ""Robert Harward turns down Trump's national security adviser offer"". BBC News. February 17, 2017. Archived from the original on June 19, 2025. Retri...",0.10972222222222222,Positive
2017-01-01,"^ ""Trump advisor George Papadopoulos deactivated his Facebook after he was questioned by FBI"". New York Daily News. October 30, 2017. Archived from th...",0.06818181818181818,Positive
2017-01-01,"^ Keith, Tamara (February 17, 2017). ""Trump Speaks At Boeing Plant In South Carolina"". NPR. Archived from the original on September 17, 2025. Retrieve...",0.375,Positive
2017-01-01,"^ ""Trump Calls the News Media the 'Enemy of the American People'"". The New York Times. February 17, 2017. Archived from the original on October 11, 20...",0.17045454545454544,Positive
2017-01-01,"^ ""Climate doubter Pruitt takes EPA reins as Trump targets regulations"". Reuters. February 17, 2017. Archived from the original on February 18, 2017. ...",0.375,Positive
2017-01-01,"^ Merica, Dan (February 18, 2017). ""President Trump holds campaign rally in Melbourne, Florida"". CNN. Archived from the original on February 19, 2017....",0.375,Positive
2017-01-01,"^ Rampell, Catherine (February 20, 2017). ""Opinion | The Trump White House is already cooking the books"". The Washington Post. ISSN 0190-8286. Archive...",0.0,Neutral
2017-01-01,"^ Lawler, David (February 20, 2017). ""Donald Trump selects Lt General HR McMaster to fill national security adviser vacancy"". The Daily Telegraph. Arc...",0.02500000000000001,Neutral
2017-01-01,"^ Lipton, Eric; Meier, Barry (August 6, 2017). ""Under Trump, Coal Mining Gets New Life on U.S. Lands"". The New York Times. ISSN 0362-4331. Archived fr...",0.13636363636363635,Positive
2017-01-01,"^ Klein, Asher (February 21, 2017). ""Trump Calls JCC Threats 'Horrible and Painful' After Clinton Latest to Call Him Out for Silence"". New England Cab...",-0.2659090909090909,Negative
2017-01-01,"^ McGeogh, Paul (February 22, 2017). ""Donald Trump has a new deportation army, but claims there will be no mass round-ups"". The Sydney Morning Herald....",0.13636363636363635,Positive
2017-01-01,"^ ""Trump Enforcement Plan Has Immigrants Bracing for Raids, Deportations"". NBC News. February 21, 2017. Archived from the original on May 4, 2017....",0.375,Positive
2017-01-01,"^ ""Kuwait could pay up to $60,000 for party at Trump Hotel in Washington"". Reuters. February 27, 2017. Archived from the original on March 14, 2025. R...",0.375,Positive
2017-01-01,"^ ""Trump Rescinds Rules on Bathrooms for Transgender Students"". The New York Times. February 22, 2017. Archived from the original on March 15, 2017. R...",0.2556818181818182,Positive
2017-01-01,"^ Disis, Jill (February 23, 2017). ""Trump meets with top US manufacturers | CNN Business"". CNN. Archived from the original on December 11, 2025. Retri...",0.4375,Positive
2017-01-01,"^ ""Trump administration signals a possible crackdown on states over marijuana"". Los Angeles Times. February 23, 2017. Archived from the original on Fe...",0.1875,Positive
2017-01-01,"^ Ware, Doug (February 24, 2017). ""Peru leader Kuczynski meets Trump at White House: 'We have excellent relations'"". United Press International. Archi...",0.3333333333333333,Positive
2017-01-01,"^ ""Remarks by President Trump at the Conservative Political Action Conference"". whitehouse.gov. February 24, 2017. Archived from the original on Septe...",0.15833333333333333,Positive
2017-01-01,"^ Hirschfield Davis, Julie (February 24, 2017). ""Trump Intensifies His Attacks on Journalists and Condemns F.B.I. 'Leakers'"". The New York Times. Arch...",0.13636363636363635,Positive
2017-01-01,"^ Fabian, Jordan (February 25, 2017). ""Trump talks Obamacare over lunch with Walker, Scott"". The Hill. Archived from the original on February 26, 2017...",0.375,Positive
2017-01-01,"^ Byers, Dylan (February 25, 2017). ""Trump declines to attend White House correspondents' dinner"". CNN. Archived from the original on October 31, 2023...",0.1875,Positive
2017-01-01,"^ ""Trump navy secretary nominee withdraws citing disruption to financial interests"". The Guardian. February 27, 2017. Archived from the original on Fe...",0.1875,Positive
2017-01-01,"^ ""First lady Melania Trump says no politics at the black-tie dinner for governors"". The Washington Post. February 26, 2017. Archived from the origina...",0.25,Positive
2017-01-01,"^ Crilly, Rob (February 27, 2017). ""Donald Trump orders £43 billion boost to defence spending"". The Daily Telegraph. Archived from the original on Feb...",0.1875,Positive
2017-01-01,"^ Thrush, Glenn; Kelly, Kate; Haberman, Maggie (February 26, 2017). ""Trump to Ask for Sharp Increases in Military Spending, Officials Say"". The New Yo...",-0.029545454545454552,Neutral
2017-01-01,"^ Smith, David (February 27, 2017). ""Donald Trump's first budget: big hike for defense spending as most agencies cut"". The Guardian. Archived from the...",0.25,Positive
2017-01-01,"^ Ollstein, Alice (February 27, 2017). ""The Sessions Effect: Trump DOJ Reverses Course In Major Texas Voter ID Case"". Talking Points Memo. Archived fr...",0.0625,Positive
2017-01-01,"^ Tapper, Jake; Blitzer, Wolf; Kopan, Tal (March 1, 2017). ""Trump envisions bill allowing many immigrants to stay in US"". CNN. Archived from the origi...",0.5,Positive
2017-01-01,"^ Graham, Chris; Crilly, Rob; Henderson, Barney (February 28, 2017). ""Donald Trump addresses Congress for first time and is expected to call for overh...",0.075,Positive
2017-01-01,"^ Hirschfield Davis, Julie; Shear, Michael; Baker, Peter (February 28, 2017). ""Trump, in Optimistic Address, Asks Congress to End 'Trivial Fights'"". T...",0.0,Neutral
2017-01-01,"^ ""Trump Signs Bill Revoking Obama-Era Gun Checks for People With Mental Illnesses"". NBC News. February 28, 2017. Archived from the original on Octobe...",0.1375,Positive
2017-01-01,"^ Zeleny, Jeff; Diaz, Daniella (February 27, 2017). ""Sources: Trump signed off on checking White House staffers' phones"". CNN. Archived from the origi...",0.0,Neutral
2017-01-01,"^ ""President Donald J. Trump Proclaims March 2017 as Women's History Month"". whitehouse.gov. Washington, D.C. March 1, 2017. Archived from the origina...",0.0,Neutral
2017-01-01,"^ ""President Donald J. Trump Proclaims March 2017 as Irish-American Heritage Month"". whitehouse.gov. Washington, D.C. March 1, 2017. Archived from the...",0.0,Neutral
2017-01-01,"^ ""President Donald J. Trump Proclaims March 2017 as American Red Cross Month"". whitehouse.gov. Washington, D.C. March 1, 2017. Archived from the orig...",0.0,Neutral
2017-01-01,"^ ""Trump says he has 'total' confidence in Sessions"". Politico. March 2, 2017. Archived from the original on April 10, 2023. Retrieved November 22, 20...",0.1875,Positive
2017-01-01,"^ Diamond, Jeremy (March 2, 2017). ""Trump touts call for increased military spending during ship visit | CNN Politics"". CNN. Archived from the origina...",-0.1,Negative
2017-01-01,"^ Elliott, Justin (March 3, 2017). ""How the Trump Administration May Be Skirting Its Own Ethics Rules"". ProPublica. Archived from the original on Nove...",0.4875,Positive
2017-01-01,"^ Arnsdorf, Isaac; Dawsey, Josh (March 2, 2017). ""Trump's team nixed ethics course for White House staff"". Politico. Archived from the original on May...",0.1875,Positive
2017-01-01,"^ Colvin, Jill; Maria, Danilova (March 3, 2017). ""Trump, DeVos Visit Private School To Promote School Choice"". CBS Detroit. Archived from the original...",0.1875,Positive
2017-01-01,"^ Webb, Kristina (March 3, 2017). ""One arrested, one detained at Trump protest in Palm Beach"". The Palm Beach Post. Archived from the original on Marc...",0.375,Positive
2017-01-01,"^ ""Obama 'never ordered Trump wire-tapping'"". BBC News. March 4, 2017. Archived from the original on March 4, 2017. Retrieved March 4, 2017....",0.375,Positive
2017-01-01,"^ ""Donald J. Trump on Twitter: ""Arnold Schwarzenegger isn't voluntarily leaving the Apprentice, he was fired by his bad (Pathetic) ratings, not by me....",-0.8499999999999999,Negative
2017-01-01,"^ Stanglin, Doug; Alexander, Bryan (March 4, 2017). ""Thousands of supporters 'March 4 Trump' at rallies across USA"". USA Today. Archived from the orig...",0.0,Neutral
2017-01-01,"^ ""Trump wire-tap claim denied by ex-intelligence chief Clapper"". BBC News. March 5, 2017. Archived from the original on March 5, 2017. Retrieved Marc...",0.375,Positive
2017-01-01,"^ Allen, Nick (March 5, 2017). ""Congress to probe Donald Trump's explosive claims Barack Obama wiretapped him"". The Daily Telegraph. Archived from the...",0.0,Neutral
2017-01-01,"^ ""Trump signs new immigration order"". BBC News. March 6, 2017. Archived from the original on March 20, 2017. Retrieved March 6, 2017....",0.2556818181818182,Positive
2017-01-01,"^ ""President Donald J. Trump Proclaims March 5 through March 11, 2017, as National Consumer Protection Week"". whitehouse.gov. Washington, D.C. March 6...",0.0,Neutral
2017-01-01,"^ McMurray, Justin (March 7, 2017). ""Donald Trump says nuclear threat from North Korea has entered 'new phase'"". The Guardian. Archived from the origi...",0.13636363636363635,Positive
2017-01-01,"^ ""Everything President Trump has tweeted (and what it was about)"". Los Angeles Times. Archived from the original on September 18, 2025. Retrieved Sep...",0.375,Positive
2017-01-01,"^ ""Trump has not asked FBI about wiretapping claims"". BBC News. March 7, 2017. Archived from the original on March 7, 2017. Retrieved March 7, 2017....",0.375,Positive
2017-01-01,"^ ""Trump Meets With Democrats at White House on Drug Prices"". Bloomberg News. March 8, 2017. Archived from the original on March 9, 2017. Retrieved Ma...",0.1875,Positive
2017-01-01,"^ Cao, Rachel (March 9, 2017). ""House Oversight Committee wants to know how the White House archives Trump's deleted tweets"". CNBC. Archived from the ...",0.1,Positive
2017-01-01,"^ ""Laurene Powell Jobs, Widow of Apple Co-Founder, Talks Immigration With Trump"". Bloomberg News. March 8, 2017. Archived from the original on March 8...",0.375,Positive
2017-01-01,"^ Lawder, David; Becker, Amanda (March 9, 2017). ""Trump meets with community bankers, pledges to scale back regulations"". The Globe and Mail. Archived...",0.0,Neutral
2017-01-01,"^ Javers, Eamon (March 9, 2017). ""Trump told Mnuchin he wants deregulation done in six months, sources say"". CNBC. Archived from the original on March...",0.2875,Positive
2017-01-01,"^ ""More US states challenge Trump travel ban"". BBC News. March 9, 2017. Archived from the original on March 9, 2017. Retrieved March 9, 2017....",0.4375,Positive
2017-01-01,"^ Laughland, Oliver (March 9, 2017). ""Washington state to challenge Trump travel ban as legal opposition mounts"". The Guardian. Archived from the orig...",0.2,Positive
2017-01-01,"^ ""Michael Flynn Was Paid to Represent Turkey's Interests During Trump Campaign (Published 2017)"". The New York Times. March 10, 2017. Archived from t...",0.13636363636363635,Positive
2017-01-01,"^ ""Donald Trump invites Palestinian leader Mahmoud Abbas to White House in first call since taking office"". The Telegraph. March 10, 2017. Archived fr...",0.125,Positive
2017-01-01,"^ Savage, Charlie; Haberman, Maggie (March 10, 2017). ""Trump Abruptly Orders 46 Obama-Era Prosecutors to Resign"". The New York Times. Archived from th...",0.005681818181818177,Neutral
2017-01-01,"^ Borger, Gloria; Korade, Matt (March 12, 2017). ""Trump associate plays down Twitter contact with Guccifer 2.0"". CNN. Archived from the original on De...",0.10972222222222222,Positive
2017-01-01,"^ ""Trump Praises Arrest Of 'Troubled Person' At White House"". CBS Texas. March 11, 2017. Archived from the original on December 11, 2025. Retrieved No...",-0.04375000000000001,Neutral
2017-01-01,"^ ""Intelligence committee requests evidence for Trump's 'wire-tap' claim"". ABC News (Australia). March 12, 2017. Archived from the original on Septemb...",0.375,Positive
2017-01-01,"^ ""President Trump's first Cabinet meeting lights up social media"". CBS News. March 13, 2017. Archived from the original on April 21, 2025....",0.21944444444444444,Positive
2017-01-01,"^ ""Trump signs executive order to cut costs of federal government"". CBS News. March 13, 2017. Archived from the original on March 16, 2017. Retrieved ...",0.375,Positive
2017-01-01,"^ Harris, Gordon Lubold and Shane (March 13, 2017). ""Trump Broadens CIA Powers, Allows Deadly Drone Strikes"". The Wall Street Journal. ISSN 0099-9660....",-0.2,Negative
2017-01-01,"^ Diamond, Jeremy (March 13, 2017). ""Spicer: Trump didn't mean wiretapping when he tweeted about wiretapping | CNN Politics"". CNN. Archived from the o...",-0.3125,Negative
2017-01-01,"^ Taylor, Adam (March 14, 2017). ""Which world leaders are richer than Donald Trump?"". The Washington Post. Archived from the original on March 14, 201...",0.375,Positive
2017-01-01,"^ Levin, Sam (March 14, 2017). ""Trump tax return: MSNBC report sparks angry White House response—live"". The Guardian. ISSN 0261-3077. Archived from th...",-0.25,Negative
2017-01-01,"^ Baker, Peter; Drucker, Jesse (March 14, 2017). ""Trump Wrote Off $100 Million in Losses in 2005, Leaked Forms Show"". The New York Times. ISSN 0362-43...",0.13636363636363635,Positive
2017-01-01,"^ Henderson, Barney (March 15, 2017). ""Donald Trump wrote off more than $100 million in losses to cut taxes as 2005 returns leaked"". The Daily Telegra...",0.25,Positive
2017-01-01,"^ ""Remarks by President Trump at American Center for Mobility"". whitehouse.gov. March 15, 2017. Archived from the original on March 27, 2025 – via Nat...",0.09166666666666667,Positive
2017-01-01,"^ Jarrett, Laura (March 15, 2017). ""Federal judge blocks new travel ban; Trump calls it 'judicial overreach'"". CNN. Archived from the original on Marc...",0.2556818181818182,Positive
2017-01-01,"^ Gambino, Lauren; Borger, Julian (March 15, 2017). ""House intelligence chiefs: we have seen no evidence for Trump's wiretap claim"". The Guardian. ISS...",0.0,Neutral
2017-01-01,"^ Hill, James; Jacabo, Julia (March 15, 2017). ""Hawaii judge puts Trump's revised travel ban on hold"". ABC News. Archived from the original on April 1...",0.375,Positive
2017-01-01,"^ ""Enda Kenny meets US President Donald Trump in Oval Office"". BBC News. March 16, 2017. Archived from the original on March 16, 2017. Retrieved March...",0.375,Positive
2017-01-01,"^ ""The claim that Britain's GCHQ spied on Trump for Obama apparently started with an ex-CIA analyst on RT"". The Week. March 20, 2017. Archived from th...",0.05,Neutral
2017-01-01,"^ Farrell, Henry (March 16, 2017). ""Sean Spicer just suggested that Obama used British intelligence to spy on Trump. Not so much"". The Washington Post...",0.1,Positive
2017-01-01,"^ ""Second federal judge blocks revised Trump travel ban"". The Washington Post. March 16, 2017. Archived from the original on March 26, 2017....",0.1875,Positive
2017-01-01,"^ ""Merkel and Trump begin key talks at White House"". BBC News. March 17, 2017. Archived from the original on March 17, 2017. Retrieved March 17, 2017....",0.125,Positive
2017-01-01,"^ Henderson, Barney (March 17, 2017). ""GCHQ issues rare public statement to dismiss Trump Tower wiretapping claims as 'utterly ridiculous'"". The Daily...",-0.008333333333333331,Neutral
2017-01-01,"^ ""Britain's GCHQ agency denies wiretapping Donald Trump"". BBC News. March 17, 2017. Archived from the original on March 17, 2017. Retrieved March 17,...",0.375,Positive
2017-01-01,"^ Swinford, Steven (March 17, 2017). ""US makes formal apology to Britain after White House accuses GCHQ of wiretapping Trump Tower"". The Daily Telegra...",0.0,Neutral
2017-01-01,"^ Baker, Peter; Erlanger, Steven (March 17, 2017). ""White House Tries to Soothe British Officials Over Trump Wiretap Claim"". The New York Times. Archi...",0.009090909090909087,Neutral
2017-01-01,"^ Barret, Devlin (March 17, 2017). ""Trump administration files notice it will appeal ruling against second version of travel ban"". The Washington Post...",0.0,Neutral
2017-01-01,"^ ""President Donald J. Trump Proclaims March 19 through March 25, 2017, as National Poison Prevention Week"". whitehouse.gov. Washington, D.C. March 17...",0.0,Neutral
2017-01-01,"^ ""Trump habla con Temer y Bachelet de Venezuela"". Milenio (in Spanish). Archived from the original on April 12, 2017. Retrieved April 11, 2017....",0.1875,Positive
2017-01-01,"^ Greenwood, Max (March 18, 2017). ""Trump admin rejects anti-protectionism language in G20 free trade statement"". The Hill. Archived from the original...",0.3875,Positive
2017-01-01,"^ Rothwell, James (March 19, 2017). ""'That's not how Nato works': Officials reject Donald Trump's claim that Germany owes western allies 'vast sums of...",0.0,Neutral
2017-01-01,"^ O'Hara, Mary Emily (March 20, 2017). ""Trump and Rep. Schiff Battle on Twitter Over Russia and Wiretaps"". NBC News. NBC. Archived from the original o...",0.375,Positive
2017-01-01,"^ Sullivan, Eileen; Tucker, Eric (March 20, 2017). ""FBI is investigating Russian links to Trump's team, director James Comey says"". Toronto Star. Arch...",0.0,Neutral
2017-01-01,"^ Rosenberg, Matthew; Huetteman, Emmarie; Schmidt, Michael (March 20, 2017). ""Comey Confirms F.B.I. Investigation of Russian Election Interference, Li...",0.0,Neutral
2017-01-01,"^ ""Trump Meets Bill Gates After President Seeks Cuts in Foreign Aid"". Bloomberg News. March 20, 2017. Archived from the original on March 21, 2017. Re...",0.125,Positive
2017-01-01,"^ ""Remarks by President Trump in a Bilateral Meeting with Prime Minister al-Abadi of Iraq"". White House. March 20, 2017. Archived from the original on...",0.1875,Positive
2017-01-01,"^ ""President Trump Rally in Louisville, Kentucky"". C-SPAN. March 20, 2017. Archived from the original on September 27, 2025. Retrieved November 23, 20...",0.375,Positive
2017-01-01,"^ ""President Donald J. Trump Announces Intent to Nominate Judge Amul R. Thapar for the U.S. Court of Appeals for the Sixth Circuit"". White House. Marc...",0.0,Neutral
2017-01-01,"^ ""Trump signs bill authorizing NASA funding, Mars exploration"". ABC News. ABC. March 21, 2017. Archived from the original on March 21, 2017. Retrieve...",0.375,Positive
2017-01-01,"^ ""President Donald J. Trump Proclaims March 21, 2017, as National Agriculture Day"". whitehouse.gov. Washington, D.C. March 21, 2017. Archived from th...",0.0,Neutral
2017-01-01,"^ Cohen, Zachary; Koran, Laura (March 22, 2017). ""Trump, US lawmakers react to UK attack"". CNN. Archived from the original on March 22, 2017. Retrieve...",0.375,Positive
2017-01-01,"^ ""Donald Trump offers Theresa May full US cooperation and support: world reaction to Westminster terror attack"". The Daily Telegraph. March 22, 2017....",0.15,Positive
2017-01-01,"^ Tubb, Gerard (March 24, 2017). ""Donald Trump fails to seal deal on Obamacare replacement"". Sky News. Archived from the original on March 24, 2017. R...",-0.0625,Negative
2017-01-01,"^ Cornwell, Susan; Becker, Amanda (March 23, 2017). ""Trump demands support in do-or-die Friday vote on healthcare plan"". Reuters. Archived from the or...",0.0,Neutral
2017-01-01,"^ ""Short of votes, Trump asks Ryan to pull Obamacare repeal"". Canadian Broadcasting Corporation. March 24, 2017. Archived from the original on March 2...",0.1875,Positive
2017-01-01,"^ Korte, Gregory. ""To recognize war heroes, Trump resurrects long-neglected 'Medal of Honor Day'"". USA Today. Archived from the original on September ...",0.375,Positive
2017-01-01,"^ ""President Donald J. Trump Proclaims March 25, 2017, as Greek Independence Day: A National Day of Celebration of Greek and American Democracy"". whit...",0.0,Neutral
2017-01-01,"^ ""Remarks by President Trump at Greek Independence Day Celebration"". whitehouse.gov. March 24, 2017. Archived from the original on March 27, 2025 – v...",0.1875,Positive
2017-01-01,"^ Reuters (March 26, 2017). ""Fights erupt at pro-Donald Trump rally on California beach"". The Guardian. ISSN 0261-3077. Archived from the original on ...",0.375,Positive
2017-01-01,"^ Cortellessa, Eric (March 27, 2017). ""Pence at AIPAC: Trump still seriously considering moving embassy to Jerusalem"". The Times of Israel. Archived f...",-0.3333333333333333,Negative
2017-01-01,"^ Slack, Donovan (March 27, 2017). ""Trump taps Kushner to lead new White House Office of American Innovation"". USA Today. Archived from the original o...",0.1278409090909091,Positive
2017-01-01,"^ Carrisimo, Justin (March 28, 2017). ""Trump scraps Obama's anti-wage theft protections"". The Independent. Archived from the original on March 28, 201...",0.1875,Positive
2017-01-01,"^ Merica, Dan (March 27, 2017). ""Sessions: Trump administration ready to take back money given to sanctuary cities"". CNN. Archived from the original o...",0.19166666666666665,Positive
2017-01-01,"^ ""Donald Trump takes major step to wiping out Obama's climate-change record"". The Independent. March 28, 2017. Archived from the original on March 30...",0.14583333333333334,Positive
2017-01-01,"^ Dewey, Caitlin. ""Analysis | This program has fed 40 million kids in the world's poorest places. Trump wants to get rid of it"". The Washington Post. ...",0.2,Positive
2017-01-01,"^ Kindy, Kimberly. ""Trump signs bill that kills Obama-era rule targeting wage theft, unsafe working conditions"". Chicago Tribune. Archived from the or...",0.0,Neutral
2017-01-01,"^ Buncombe, Andrew (March 28, 2017). ""White House says it has 'no problem' with Sally Yates testifying at Trump-Russia investigation"". The Independent...",0.0,Neutral
2017-01-01,"^ ""Donald Trump Claims U.S. Constitution Bars 'Apprentice' Star's Defamation Suit While in Office"". The Hollywood Reporter. March 28, 2017. Archived f...",0.0,Neutral
2017-01-01,"^ ""Trump's record of action against transgender people"". transequality.org. April 20, 2017. Archived from the original on October 18, 2017. Retrieved ...",0.2375,Positive
2017-01-01,"^ ""Remarks by President Trump in Listening Session on Opioids and Drug Abuse"". whitehouse.gov. March 29, 2017. Archived from the original on July 11, ...",0.375,Positive
2017-01-01,"^ ""Donald Trump's travel ban suffers fresh court setback"". Financial Times. March 30, 2017. Archived from the original on March 30, 2017. Retrieved Ma...",0.018750000000000003,Neutral
2017-01-01,"^ ""Federal judge in Hawaii extends order halting Trump's travel ban"". Chicago Tribune. March 29, 2017. Archived from the original on March 30, 2017. R...",0.375,Positive
2017-01-01,"^ ""Ivanka Trump is making her White House job official"". CNN. March 30, 2017. Archived from the original on March 30, 2017. Retrieved March 30, 2017....",0.1875,Positive
2017-01-01,"^ ""Trump om Løkke: En vidunderlig mand, som udfører et vidunderligt stykke arbejde"". Danish Broadcasting Corporation. March 30, 2017. Archived from th...",0.0,Neutral
2017-01-01,"^ ""Hawaii judge extends block on Trump's revised travel ban—what happens now?"". Toronto Star. March 30, 2017. Archived from the original on March 30, ...",0.375,Positive
2017-01-01,"^ Goldmacher, Shane; Nussbaum, Matthew; Palmeri, Tara; Isenstadt, Alex (March 30, 2017). ""Senior White House aide Katie Walsh moving to pro-Trump poli...",0.0,Neutral
2017-01-01,"^ ""Trump Calls Congressional Inquiry a 'Witch Hunt' (Published 2017)"". The New York Times. March 31, 2017. Archived from the original on August 8, 202...",0.2556818181818182,Positive
2017-01-01,"^ ""Trump walks out before signing executive orders"". CNN. April 1, 2017. Archived from the original on April 1, 2017....",0.375,Positive
2017-01-01,"^ ""Trump meets with Condoleezza Rice"". CNN. March 31, 2017. Archived from the original on March 31, 2017. Retrieved March 31, 2017....",0.375,Positive
2017-01-01,"^ ""Judge rejects Trump defense against claim he incited violence at rally"". The Guardian. April 1, 2017. Archived from the original on April 2, 2017. ...",0.375,Positive
2017-01-01,"^ ""Judge rejects motion to dismiss protesters' lawsuit against Trump"". USA Today. April 1, 2017. Archived from the original on April 2, 2017. Retrieve...",0.375,Positive
2017-01-01,"^ ""President Donald J. Trump Proclaims April 2017 as Cancer Control Month"". whitehouse.gov. Washington, D.C.: White House. March 31, 2017. Archived fr...",0.0,Neutral
2017-01-01,"^ ""President Donald J. Trump Proclaims April 2017 as National Child Abuse Prevention Month"". whitehouse.gov. Washington, D.C. March 31, 2017. Archived...",0.0,Neutral
2017-01-01,"^ ""President Donald J. Trump Proclaims April 2017 as National Sexual Assault Awareness and Prevention Month"". whitehouse.gov. Washington, D.C. March 3...",0.5,Positive
2017-01-01,"^ ""President Donald J. Trump Proclaims April 2017 as National Financial Capability Month"". whitehouse.gov. Washington, D.C. March 31, 2017. Archived f...",0.0,Neutral
2017-01-01,"^ ""President Donald J. Trump Proclaims April 2017 as National Donate Life Month"". whitehouse.gov. Washington, D.C. March 31, 2017. Archived from the o...",0.0,Neutral
2017-01-01,"^ ""President Donald J. Trump Proclaims April 2, 2017 as World Autism Awareness Day"". whitehouse.gov. Washington, D.C. March 31, 2017. Archived from th...",0.0,Neutral
2017-01-01,"^ ""President Trump nullifies drug testing rule"". US Department of Labor. March 31, 2017. Archived from the original on April 16, 2017....",0.375,Positive
2017-01-01,"2016
election
primaries
endorsements
rallies
Las Vegas incident
convention
debates
foreign policy
Make America Great Again
Never Trump movement
people...",0.3375,Positive
2017-01-01,"Via Twitter, President Trump threatens to cut off U.S. aid to the Palestinian Authority, claiming the Palestinians were no longer willing to negotiate...",0.25,Positive
2017-01-01,"President Trump leaves for Camp David for a weekend of meetings with his Cabinet, Republican party leaders, and Vice President Pence. It is reported t...",0.0,Neutral
2017-01-01,"President Trump tweets that he is ""a very stable genius"", praising his own ""mental stability"". Also within the tweet, he says he became president ""on ...",0.23333333333333336,Positive
2017-01-01,President Trump makes an on-field appearance during the National Anthem at the 2018 College Football Playoff National Championship....,0.0,Neutral
2017-01-01,"The Trump administration announces the end in September 2019 to the temporary protected status granted to nearly 200,000 Salvadorans by then-president...",0.1,Positive
2017-01-01,"President Trump describes Senator Dianne Feinstein as ""sneaky"" and a ""disgrace"" following her unilateral publication on January 9 of the Simpson testi...",-0.25,Negative
2017-01-01,"The Wall Street Journal reports that, in October 2016, President Trump's lawyer, Michael Cohen, arranged a payment of $130,000 to the adult-film actre...",0.0,Neutral
2017-01-01,"Citing disagreements with the Trump administration, John Feeley announces his resignation as U.S. Ambassador to Panama, effective March 9, 2018....",0.6,Positive
2017-01-01,In Touch Weekly publishes excerpts from a 2011 interview with adult-film actress Stormy Daniels alleging a 2006 extramarital affair with Trump. The ma...,0.0,Neutral
2017-01-01,"It is widely reported that Hungarian police have an active arrest warrant, issued on September 17, 2016, against former Trump White House advisor Seba...",-0.056666666666666664,Negative
2017-01-01,"President Trump signs a bi-partisan bill, which passed Congress with support from both parties, officially ending the government shutdown that began t...",0.0,Neutral
2017-01-01,"President Trump arrives in Davos, Switzerland to attend the 2018 Davos World Economic Forum. He is the first U.S. President to personally attend the a...",0.15,Positive
2017-01-01,"The New York Times first reports that President Trump ordered the dismissal of the special counsel, Robert Mueller, in June 2017, on three alleged pre...",0.16087662337662337,Positive
2017-01-01,President Trump sends his $4.4 trillion 2019 budget proposal to Congress....,0.0,Neutral
2017-01-01,"President Trump's personal lawyer Michael Cohen acknowledged that in 2016 he paid $130,000 of his own money to adult-film actress Stormy Daniels. Cohe...",0.3,Positive
2017-01-01,"The New Yorker reports that President Trump had a nine-month extramarital affair with Playboy model Karen McDougal from June 2006, citing handwritten ...",0.13636363636363635,Positive
2017-01-01,"President Trump orders the Department of Justice to prepare regulations to ban devices that allow semi-automatic rifles to become fully automatic, suc...",0.0,Neutral
2017-01-01,"President Trump delivers a speech in Oxon Hill, Maryland to the 2018 Conservative Political Action Conference....",0.05,Neutral
2017-01-01,President Trump accepts an invitation to meet with North Korean Leader Kim Jong-un by May 2018....,0.0,Neutral
2017-01-01,President Trump holds a rally at the Pittsburgh International Airport to support Rick Saccone in an upcoming special election. He introduces his 2020 ...,0.17857142857142858,Positive
2017-01-01,First 100 days of the first Trump presidency – Period from January to April 2017...,0.25,Positive
2017-01-01,"^ ""How popular/unpopular is Donald Trump?"". FiveThirtyEight. March 2, 2017. Archived from the original on June 16, 2017....",0.375,Positive
2017-01-01,"^ ""Trump withholding millions in aid to Pakistan, as he accuses country of giving 'safe haven' to terrorists"". Fox News. January 1, 2018....",0.5,Positive
2017-01-01,"^ ""Trump boasts of bigger 'nuclear button' than North Korea's"". Fox News. January 2, 2017....",0.0,Neutral
2017-01-01,"^ ""'Jail!' Trump slams 'crooked' Hillary aide Huma, calls on 'Deep State' DOJ to act"". Fox News. January 2, 2018....",-0.041666666666666664,Neutral
2017-01-01,"^ ""Trump threatens to cut off US aid to Palestinian Authority"". Associated Press. January 2, 2018....",0.0,Neutral
2017-01-01,"^ ""Trump scraps his own voter fraud commission"". BBC. January 4, 2018....",0.6,Positive
2017-01-01,"^ Dunlap, Matt (January 7, 2018). ""I was on Trump's voter fraud commission. Its demise was inevitable"". The Washington Post. Retrieved October 7, 2025...",0.0,Neutral
2017-01-01,"^ Buncombe, Andrew (January 3, 2017). ""Trump trusted Bannon the most, and that could now cost him very dearly"". The Independent. Archived from the ori...",0.2333333333333333,Positive
2017-01-01,"^ ""Steve Bannon calls Trump Tower Russian meeting 'treasonous' in new book"". NBC News. January 3, 2017. Archived from the original on January 4, 2018....",0.17045454545454544,Positive
2017-01-01,"^ Graham, David A. (January 3, 2017). ""Steve Bannon Comes Back to Haunt Donald Trump"". The Atlantic. Retrieved October 7, 2025....",0.0,Neutral
2017-01-01,"^ Smith, David (January 3, 2017). ""Trump Tower meeting with Russians 'treasonous', Bannon says in explosive book"". The Guardian....",0.0,Neutral
2017-01-01,"^ Dawsey, Josh and Parker, Ashley (January 4, 2017). ""Trump lawyer seeks to block insider book on White House"". The Washington Post. Archived from the...",0.0,Neutral
2017-01-01,"^ Wolff, Michael (January 3, 2017). ""Donald Trump Didn't Want to Be President"". New York Magazine. Archived from the original on January 3, 2018. Retr...",0.2556818181818182,Positive
2017-01-01,"^ Gambino, Lauren; Smith, David; Siddiqui, Sabrina; and Helmore, Edward (January 4, 2017). ""Tell-all book on Trump to be released early despite White ...",0.05,Neutral
2017-01-01,"^ Milman, Oliver (January 4, 2017). ""Trump administration plans to allow oil and gas drilling off nearly all US coast"". The Guardian....",0.1,Positive
2017-01-01,"^ Carroll, Rory (January 6, 2017). ""Trump administration seeks $18bn from Congress for Mexico border wall"". The Guardian....",0.0,Neutral
2017-01-01,"^ ""Trump tweets explosive White House tell-all 'full of lies'"". Fox News. January 5, 2017. Archived from the original on January 5, 2018. Retrieved Ja...",0.24166666666666667,Positive
2017-01-01,"^ ""Trump overturns oil safety rules brought in after Deepwater Horizon"". Yahoo News. January 5, 2017....",0.0,Neutral
2017-01-01,"^ ""Trump hosts Camp David retreat this weekend for GOP leaders, Cabinet"". CBS News. January 5, 2017....",0.0,Neutral
2017-01-01,"^ ""New Interim US Attorney's Interview With Trump 'Disqualifying': NY Senator"". Yahoo News/Law.com. January 8, 2017....",0.13636363636363635,Positive
2017-01-01,"^ Diaz, Daniella. ""Trump: I'm a 'very stable genius'"". CNN. Retrieved January 6, 2018....",0.2,Positive
2017-01-01,"^ Helmore, Edward (February 5, 2017). ""How Trump's political playbook evolved since he first ran for president in 2000"". The Guardian. Archived from t...",0.125,Positive
2017-01-01,"^ Chavez, Chris (January 8, 2018). ""Watch: President Donald Trump On Field For National Anthem At National Championship Game"". Sports Illustrated. Ret...",-0.4,Negative
2017-01-01,"^ Jordan, Miriam (January 8, 2018). ""Trump Administration Says That Nearly 200,000 Salvadorans Must Leave"". The New York Times. Retrieved October 7, 2...",0.11818181818181818,Positive
2017-01-01,"^ ""Donald Trump Renominates Court Picks Rated 'Not Qualified' To Serve"". HuffPost. January 8, 2018....",0.0,Neutral
2017-01-01,"^ ""Trump contradicts self repeatedly in immigration meeting"". CNN. January 10, 2018....",0.0,Neutral
2017-01-01,"^ Gambino, Lauren (January 9, 2018). ""Federal court blocks Trump plan to end Daca program for immigrants"". The Guardian....",0.0,Neutral
2017-01-01,"^ ""Trump says it 'seems unlikely' he'll give Mueller interview over 'Democrat hoax' Russia probe"". Japan Times. January 11, 2018....",-0.5,Negative
2017-01-01,"^ Grynbaum, Michael M. (January 10, 2018). ""Trump Renews Pledge to 'Take a Strong Look' at Libel Laws"". The New York Times. Retrieved October 7, 2025....",0.28484848484848485,Positive
2017-01-01,"^ Timmons, Heather (January 10, 2018). ""After 75 minutes with Norway's prime minister, Donald Trump goes green"". Quartz. Retrieved February 19, 2018....",-0.2,Negative
2017-01-01,"^ ""Trump's new guidelines: Get a job or volunteer if you want Medicaid"". The Washington Examiner. January 11, 2018....",0.13636363636363635,Positive
2017-01-01,"^ Dawsey, Josh (January 11, 2018). ""Trump derides protections for immigrants from 'shithole' countries"". The Washington Post. ISSN 0190-8286. Archived...",0.0,Neutral
2017-01-01,"^ Kentish, Benjamin; Mindock, Clark (January 12, 2018). ""Trump today—live updates: US President denies using word 's***hole' amid storm over cancelled...",0.0,Neutral
2017-01-01,"^ Timm, Jane (January 12, 2018). ""Hillary Clinton: Trump's 'ignorant, racist views'"". NBC News. Archived from the original on January 15, 2018. Retrie...",0.375,Positive
2017-01-01,"^ ""Pastor denounces Trump's vulgar comment with Mike Pence in attendance"". San Francisco Gate. January 15, 2018. Archived from the original on January...",-0.16249999999999998,Negative
2017-01-01,"^ ""Martin Luther King Jr.'s son says Trump doesn't understand why we honor his civil rights leader father"". New York Daily News. January 12, 2018. Arc...",0.06818181818181818,Positive
2017-01-01,"^ ""Donald Trump cancels February visit to UK"". BBC News. January 12, 2018. Archived from the original on January 12, 2018. Retrieved January 12, 2018....",0.375,Positive
2017-01-01,"^ Rothfeld, Michael; Palazzolo, Joe (January 12, 2018). ""Trump Lawyer Arranged $130,000 Payment for Adult-Film Star's Silence"". The Wall Street Journa...",0.0,Neutral
2017-01-01,"^ Redden, Molly (January 12, 2018). ""Trump paid porn star $130,000 to stay silent over alleged affair—report"". The Guardian. Archived from the origina...",-0.05,Neutral
2017-01-01,"^ Stern, Marlow; Snow, Aurora (January 13, 2018). ""Porn Star: Donald Trump and Stormy Daniels Invited Me to Their Hotel Room"". The Daily Beast. Archiv...",0.0,Neutral
2017-01-01,"^ Labott, Elise; Cohen, Zachary; and Sciutto, Jim (January 12, 2018). ""US ambassador resigns, saying he can no longer work with Trump"". CNN. Archived ...",0.0,Neutral
2017-01-01,"^ ""Former Trump aide Bannon refuses to comply with U.S. House subpoena"". Reuters/Yahoo. January 17, 2017. Archived from the original on January 21, 20...",0.1875,Positive
2017-01-01,"^ ""Trump accuses Russia of helping North Korea evade sanctions; says U.S. needs more missile defense"". Reuters. January 17, 2018. Archived from the or...",0.5,Positive
2017-01-01,"^ ""'In Touch' Explosive Interview With Stormy Daniels: Donald Trump Cheated on Melania With Me"". In Touch Weekly. January 17, 2018. Archived from the ...",0.0,Neutral
2017-01-01,"^ ""Trump unveils 'Fake News Awards'"". The News International. AFP. January 18, 2018. Archived from the original on January 21, 2018. Retrieved January...",-0.041666666666666664,Neutral
2017-01-01,"^ ""Trump wades into PA race seen as test of GOP strength"". The Los Angeles Times. January 19, 2018. Archived from the original on January 19, 2018. Re...",0.375,Positive
2017-01-01,"^ a b ""Trump says Democrats 'are needed' to avert government shutdown with just hours until deadline"". Fox News. January 19, 2018. Archived from the o...",0.0,Neutral
2017-01-01,"^ ""Ex-Trump aide Sebastian Gorka was subject of Hungarian arrest warrant while at White House"". The Chicago Tribune. Associated Press. January 18, 201...",-0.07222222222222223,Negative
2017-01-01,"^ ""Hungarian Police Have A Warrant Out For Former Trump Adviser Sebastian Gorka"". BuzzFeed News. January 18, 2018. Archived from the original on Janua...",0.1875,Positive
2017-01-01,"^ Politi, Daniel. ""White House Releases Hilarious Photos to Show Trump Is ""Working"" During Shutdown"". Slate Magazine. Archived from the original on Ja...",0.2916666666666667,Positive
2017-01-01,"^ Costa, Robert; Werner, Erica; O'Keefe, Ed; Viebeck, Elise (January 22, 2018). ""House votes to end government shutdown, sending legislation to Trump""...",0.0,Neutral
2017-01-01,"^ Cullen, Terri; Calia, Mike (January 22, 2018). ""Trump again attacks Democrats over shutdown hours before expected Senate vote"". CNBC. Archived from ...",-0.1,Negative
2017-01-01,"^ Bruce, Mary; Khan, Mariam; Kelsey, Adam; Turner, Trish (January 22, 2018). ""Trump signs funding bill to end shutdown, immigration debate continues""....",0.0,Neutral
2017-01-01,"^ ""House votes to end government shutdown, sending legislation to Trump"". Salt Lake Tribune. January 22, 2018. Archived from the original on January 2...",0.375,Positive
2017-01-01,"^ Dawsey, Josh; Nakamura, David; and Barrett, Devlin (January 24, 2018). ""Trump says he would speak to Mueller under oath in Russia investigation"". Th...",0.0,Neutral
2017-01-01,"^ Pear, Robert (2018). ""Senate Confirms Trump Nominee Alex Azar as Health Secretary"". The New York Times. ISSN 0362-4331. Archived from the original o...",0.2556818181818182,Positive
2017-01-01,"^ Schmidt, Michael S. and Haberman, Maggie (January 25, 2018). ""Trump Ordered Mueller Fired, but Backed Off When White House Counsel Threatened to Qui...",0.0,Neutral
2017-01-01,"^ Helderman, Rosalind S. and Dawsey, Josh (January 25, 2018). ""Trump moved to fire Mueller in June, bringing White House counsel to the brink of leavi...",0.0,Neutral
2017-01-01,"^ ""Melania Trump 'shuns the White House to spend the night at D.C. hotels'"". Metro. January 26, 2018. Archived from the original on January 26, 2018. ...",0.1875,Positive
2017-01-01,"^ ""Trump-Russia inquiry: President denies trying to fire Robert Mueller"". BBC. January 26, 2018. Archived from the original on July 16, 2018. Retrieve...",0.375,Positive
2017-01-01,"^ ""The Latest: Trump back at White House after Davos trip"". Associated Press. January 26, 2018. Archived from the original on August 9, 2020. Retrieve...",0.21875,Positive
2017-01-01,"^ Pace, Julie (January 30, 2018). ""Trump calls for unity, then touts GOP agenda in State of the Union speech"". Chicago Tribune. Archived from the orig...",0.0,Neutral
2017-01-01,"^ ""Trump calls to 'set aside our differences' in State of the Union address"". Fox News. January 30, 2018. Archived from the original on January 31, 20...",0.375,Positive
2017-01-01,"^ Mindock, Clark; Wilts, Alexandra; Sharman, Jon (January 31, 2018). ""Trump's State of the Union 2018—live updates: President declares 'era of economi...",0.0,Neutral
2017-01-01,"^ ""Trump signs executive order to keep Guantanamo Bay prison open"". Yahoo News. January 31, 2018. Archived from the original on January 31, 2018. Retr...",0.1875,Positive
2017-01-01,"^ Wroughton, Lesley (February 2, 2018). ""No. 3 U.S. diplomat quits in latest departure under Trump"". Reuters. Archived from the original on February 7...",0.4375,Positive
2017-01-01,"^ Watson, Kathryn. ""GOP memo released, after Trump declassifies it"". CBS News. Archived from the original on February 7, 2018. Retrieved February 7, 2...",0.375,Positive
2017-01-01,"^ Cillizza, Chris (February 5, 2018). ""Donald Trump thinks not clapping for him is 'treasonous'"". CNN. Archived from the original on February 7, 2018....",0.375,Positive
2017-01-01,"^ Merica, Dan and Mattingly, Phil (February 6, 2018). ""Trump: 'I'd love to see a shutdown' over immigration"". CNN. Archived from the original on Febru...",0.4375,Positive
2017-01-01,"^ Staff (February 8, 2018). ""Remarks by President Trump at the 66th Annual National Prayer Breakfast"". whitehouse.gov. Archived from the original on J...",0.375,Positive
2017-01-01,"^ Bresnahan, John; Scholtes, Jennifer; Caygle, Heather (February 8, 2018). ""Shutdown ends after Trump signs budget deal"". Politico. Archived from the ...",0.0,Neutral
2017-01-01,"^ Tatum, Sophie and Cuomo, Chris (February 14, 2018). ""Trump's lawyer says he paid $130,000 to porn star ahead of election"". CNN. Contributed by Glori...",0.0,Neutral
2017-01-01,"^ McGraw, Meredith (February 15, 2018). ""Trump tells nation grieving school shooting 'We are here for you'"". ABC News. Archived from the original on M...",0.375,Positive
2017-01-01,"^ Farrow, Ronan (February 16, 2018). ""Donald Trump, a Playboy Model, and a System for Concealing Infidelity"". The New Yorker. Archived from the origin...",0.13636363636363635,Positive
2017-01-01,"^ Vitali, Ali (February 16, 2018). ""Trump visits Parkland shooting victims at Florida hospital"". NBC News. Archived from the original on July 30, 2019...",0.375,Positive
2017-01-01,"^ Carter, Brandon and Wheeler, Lydia (February 20, 2018). ""Trump to take steps to ban bump stocks"". The Hill. Archived from the original on March 4, 2...",0.375,Positive
2017-01-01,"^ Horsley, Scott (February 21, 2018). ""After Florida Shooting, Trump Meets with Students and Teachers"". NPR....",0.0,Neutral
2017-01-01,"^ Yglesias, Matthew (February 23, 2018). ""Donald Trump's CPAC speech is a reminder that he's not really in charge of his White House"". Vox. Archived f...",-0.05,Neutral
2017-01-01,"^ Rascoe, Ayesha (February 23, 2018). ""Trump, Australia's Turnbull seek common ground on trade, China"". Reuters. Archived from the original on July 29...",0.037500000000000006,Neutral
2017-01-01,"^ ""Envoy's resignation leaves void at head of Trump's Korea diplomacy"". The Guardian. Associated Press. February 27, 2018. Archived from the original ...",0.375,Positive
2017-01-01,"^ Rossman, Sean; Icsman, Marilyn (February 28, 2018). ""President Trump, Congress honor preacher Billy Graham at Capitol"". USA Today. Archived from the...",0.0,Neutral
2017-01-01,"^ Cancain, Dan (March 2018). ""Golden State Warriors praise 'unifying' visit to black history museaum after snubbing Donald Trump"". newsweek.com. Newsw...",0.06666666666666667,Positive
2017-01-01,"^ Wallace, Gregory (March 6, 2018). ""Trump admin to allow elephant trophy imports on 'case-by-case' basis"". CNN. Archived from the original on March 8...",0.375,Positive
2017-01-01,"^ Ahmed, Azam (March 2018). ""U.S. Ambassador to Mexico to Quit Amid Tense Relations Under Trump"". The New York Times. Archived from the original on Ma...",0.059343434343434344,Positive
2017-01-01,"^ Liptak, Kevin (March 4, 2018). ""Trump on China's Xi consolidating power: 'Maybe we'll give that a shot some day'"". CNN. Archived from the original o...",0.375,Positive
2017-01-01,"^ Staff (March 5, 2018). ""Remarks by President Trump and Prime Minister Netanyahu of Israel Before Bilateral Meeting"". whitehouse.gov. Archived from t...",0.0,Neutral
2017-01-01,"^ Mangan, Dan; Pramuk, Jacob (March 6, 2018). ""Gary Cohn resigns as Trump's top economic advisor"". cnbc.com. CNBC. Archived from the original on March...",0.35833333333333334,Positive
2017-01-01,"^ Staff (March 6, 2018). ""Trump holds joint news conference with Swedish prime minister"". CBS News. Archived from the original on July 29, 2019. Retri...",0.375,Positive
2017-01-01,"^ ""Trump won Stormy Daniels legal case in arbitration: White House"". Reuters. March 7, 2018. Archived from the original on March 8, 2018. Retrieved Ma...",0.19166666666666665,Positive
2017-01-01,"^ Fitzpatrick, Sarah (March 8, 2018). ""Trump lawyer Michael Cohen tries to silence adult-film star Stormy Daniels"". NBC News. Archived from the origin...",-0.1,Negative
2017-01-01,"^ Restuccia, Andrew; Palmer, Doug (March 8, 2018). ""Trump imposes steel, aluminum tariffs with few exceptions"". Politico. Archived from the original o...",0.0875,Positive
2017-01-01,"^ ""President Trump agrees to meet with North Korea's Kim Jong Un by May"". NBC News. Archived from the original on March 9, 2018. Retrieved March 9, 20...",0.375,Positive
2017-01-01,"^ Romm, Tony (March 8, 2018). ""Inside Trump's private meeting with the video-game industry—and its critics"". The Washington Post. Archived from the or...",0.0,Neutral
2017-01-01,"^ Olson, Wyatt (March 9, 2018). ""Trump pardons sailor convicted of photographing sub's nuclear propulsion system"". Stars and Stripes. Archived from th...",0.0,Neutral
2017-01-01,"^ Jacobs, Peter (March 9, 2018). ""The White House already looks as if it's backtracking on Trump's meeting with Kim Jong Un"". Business Insider. Archiv...",0.0,Neutral
2017-01-01,"^ Cochrane, Emily and Haberman, Maggie (March 10, 2018). ""Trump Hosts Fiery Rally on the Heels of a Whirlwind Week"". The New York Times. Archived from...",0.13636363636363635,Positive
2017-01-01,"^ Aiello, Chloe (March 12, 2018). ""Trump blocks Broadcom-Qualcomm deal, citing national security concerns"". CNBC. Archived from the original on March ...",0.375,Positive
2017-01-01,"^ ""Trump fires Tillerson as secretary of state"". BBC News. March 13, 2018. Archived from the original on June 26, 2018. Retrieved March 13, 2018....",0.375,Positive
2017-01-01,"^ Collins, Kaitlan; Diamond, Jeremy; and Deleny, Jeff (March 13, 2018). ""Longtime Trump aide fired over financial crime investigation"". CNN. Archived ...",0.0,Neutral
2017-01-01,"^ Haberman, Maggie; Kelly, Kate; and Tankersley, Jim (March 14, 2018). ""Trump Picks CNBC's Larry Kudlow as Top Economic Adviser"". The New York Times. ...",0.27878787878787875,Positive
2017-01-01,"^ Sheth, Sonam (March 15, 2018). ""Trump administration announces new sanctions on Russians charged in the Mueller investigation"". Business Insider. Ar...",0.13636363636363635,Positive
2017-01-01,"^ Jackson, David (March 15, 2018). ""Trump meets Irish Prime Minister Leo Varadkar ahead of St. Patrick's Day"". USA Today. Archived from the original o...",0.1875,Positive
2017-01-01,"^ Johnson, Jenna and Troianovski, Anton (March 20, 2018). ""Trump congratulates Putin on his reelection, discusses U.S.-Russian 'arms race'"". The Washi...",0.0,Neutral
2017-01-01,"^ Leonnig, Carol; Nakamura, David; and Dawsey, Josh. ""Trump's national security advisers warned him not to congratulate Putin. He did it anyway"". The ...",0.0,Neutral
2017-01-01,"^ Landler, Mark (March 20, 2018). ""Saudi Prince's White House Visit Reinforces Trump's Commitment to Heir Apparent"". The New York Times. Archived from...",0.06212121212121211,Positive
2017-01-01,"^ Bowden, John; Anapol, Avery (March 23, 2018). ""Trump moves to ban most transgender people from serving in military"". The Hill. Archived from the ori...",0.2,Positive
2017-01-01,"^ Diamond, Jeremy; Malloy, Allie; and Dewan, Angela (March 26, 2018). ""Trump expelling 60 Russian diplomats in wake of UK nerve agent attack"". CNN. Ar...",0.0,Neutral
2017-01-01,"^ ""Trump fires VA Secretary David Shulkin, nominates White House doctor as replacement"". CBS News. March 28, 2018. Archived from the original on March...",0.1875,Positive
2017-01-01,"^ a b Baker, Peter; Harris, Gardiner; and Landler, Mark (March 13, 2018). ""Trump Fires Rex Tillerson and Will Replace Him With C.I.A. Chief Pompeo"". T...",0.0,Neutral
2017-01-01,"2016
election
primaries
endorsements
rallies
Las Vegas incident
convention
debates
foreign policy
Make America Great Again
Never Trump movement
people...",0.3375,Positive
2017-01-01,"President Trump entertains the Louisiana State University football team, 2019 College Football Champions, at the White House....",0.0,Neutral
2017-01-01,President Trump arrives in Switzerland to attend the 2020 Davos World Economic Forum....,0.2,Positive
2017-01-01,"Opening arguments begin, with impeachment managers accusing Trump of trying to cheat in the upcoming 2020 election, adding that his actions demonstrat...",0.0,Neutral
2017-01-01,"President Trump's legal defense in his impeachment trial begin opening arguments, refuting the accusations made by the impeachment managers and accusi...",0.2,Positive
2017-01-01,"President Trump wins the 2020 New Hampshire Republican Primary, with the most votes for any incumbent president in history....",0.3340909090909091,Positive
2017-01-01,"President Trump fires acting director of national intelligence, Joseph Maguire, after last weeks briefing to the House Intelligence Committee by the t...",0.0,Neutral
2017-01-01,"President Trump delivers a speech in Oxon Hill, Maryland, to the 2020 Conservative Political Action Conference....",0.05,Neutral
2017-01-01,"While visiting the CDC center in Atlanta, Georgia, President Trump praises the CDC's response to COVID-19. Trump also calls Washington state governor ...",-0.1,Negative
2017-01-01,First 100 days of the first Trump presidency – Period from January to April 2017...,0.25,Positive
2017-01-01,"^ Schumer, Charles E. (January 8, 2020). ""The case for witnesses at Trump Senate impeachment trial gets stronger every day: Schumer"". USA Today. Archi...",0.0,Neutral
2017-01-01,"^ Sullivan, Eileen (December 20, 2019). ""Trump to Give State of the Union Address Feb. 4"". The New York Times. Archived from the original on December ...",0.2556818181818182,Positive
2017-01-01,"^ ""Remarks by President Trump on the Killing of Qasem Soleimani"". whitehouse.gov. January 3, 2020. Archived from the original on January 20, 2021. Ret...",0.375,Positive
2017-01-01,"^ Haberman, Maggie (January 6, 2020). ""Trump Threatens Iranian Cultural Sites, and Warns of Sanctions on Iraq"". The New York Times. Archived from the ...",0.11818181818181818,Positive
2017-01-01,"^ Trump, Donald J.  (January 4, 2020). ""Iran is talking very boldly about targeting certain USA assets as revenge for our ridding the world of their t...",0.3238095238095238,Positive
2017-01-01,"^ Trump, Donald J.  (January 4, 2020). ""....hundreds of Iranian protesters. He was already attacking our Embassy, and preparing for additional hits in...",0.0,Neutral
2017-01-01,"^ Trump, Donald J.  (January 4, 2020). ""....targeted 52 Iranian sites (representing the 52 American hostages taken by Iran many years ago), some at a ...",0.25,Positive
2017-01-01,"^ Jackson, David (January 5, 2020). ""President Trump returns to White House, threatening Iran and attacking impeachment USA TODAY"". USA Today. Archive...",0.0,Neutral
2017-01-01,"^ Staff (January 7, 2020). ""Trump continues tough rhetoric on Iran in meeting with Greece's prime minister"". CBS News. Archived from the original on J...",-0.0069444444444444475,Neutral
2017-01-01,"^ Cathey, Libby; Lantry, Lauren; Winsor, Morgan (January 8, 2020). ""Trump addresses nation, de-escalates crisis over Iran's missile attacks"". ABC News...",0.0,Neutral
2017-01-01,"^ Kim, Tong-Hyung (January 8, 2020). ""South Korea says it sent birthday message from President Trump to Kim Jong Un"". USA Today. Archived from the ori...",0.0,Neutral
2017-01-01,"^ Edmondson, Catie; Savage, Charlie (January 9, 2020). ""House Votes to Restrain Trump's Iran War Powers"". New York Times. Archived from the original o...",0.2556818181818182,Positive
2017-01-01,"^ Oprysko, Caitlan (January 9, 2020). ""Trump claims Soleimani was planning to blow up U.S. embassy"". Politico. Archived from the original on January 9...",0.375,Positive
2017-01-01,"^ Staff (January 9, 2020). ""Trump touts Soleimani strike and criticizes Democrats' response at Ohio rally"". CBS News. Retrieved January 10, 2020....",0.0,Neutral
2017-01-01,"^ Staff (January 14, 2020). ""Trump touts Soleimani strike and slaps at Democrats during Milwaukee rally"". CBS News. Retrieved January 14, 2020....",0.0,Neutral
2017-01-01,"^ Swanson, Ana; Rappeport, Alan (January 15, 2020). ""Trump Signs China Trade Deal, Putting Economic Conflict on Pause"". The New York Times. Archived f...",0.16818181818181818,Positive
2017-01-01,"^ Herb, Jeremy (January 16, 2020). ""Senate impeachment trial of Donald Trump officially begins"". CNN. Archived from the original on January 16, 2020. ...",0.375,Positive
2017-01-01,"^ Cochrane, Emily (January 16, 2020). ""Senate Passes Revised NAFTA, Sending Pact to Trump's Desk"". The New York Times. Retrieved January 16, 2020....",0.13636363636363635,Positive
2017-01-01,"^ Vazquez, Maegan (January 17, 2020). ""Trump gives LSU football team a championship welcome"". CNN. Archived from the original on February 15, 2021. Re...",0.5875,Positive
2017-01-01,"^ Sparber, Sami (January 19, 2020). """"The farmers are sticking with Trump"": President Trump touts new trade deal during Austin speech"". The Texas Trib...",0.13636363636363635,Positive
2017-01-01,"^ Bowden, John (January 20, 2020). ""Trump, Pence visit MLK memorial"". The Hill. Archived from the original on February 15, 2021. Retrieved January 20,...",0.375,Positive
2017-01-01,"^ Shabad, Rebecca (January 20, 2020). ""Trump's legal team calls impeachment articles 'an affront to the Constitution,' urges quick acquittal in Senate...",0.26666666666666666,Positive
2017-01-01,"^ Staff (January 21, 2020). ""Davos 2020: Trump rejects 'prophets of doom' at climate-focused WEF"". Deutsche Welle. Archived from the original on Febru...",0.375,Positive
2017-01-01,"^ Sullivan, Eileen (January 22, 2020). ""Trump Impeachment: Highlights From Tuesday's Senate Trial Senators worked early i"". New York Times. Archived f...",0.11818181818181818,Positive
2017-01-01,"^ Pettypiece, Shannon; Welker, Kristen (January 22, 2020). ""Trump travels from sunny Swiss retreat back to impeachment storm"". NBC News. Archived from...",0.0,Neutral
2017-01-01,"^ Shear, Michael D. (January 22, 2020). ""In Impeachment Case, Schiff Accuses Trump of Trying 'to Cheat' in Election"". The New York Times. Retrieved Ja...",0.13636363636363635,Positive
2017-01-01,"^ Herb, Jeremy; Fox, Lauren (January 23, 2020). ""Impeachment managers dissect abuse of power charge in making case against Trump"". CNN. Archived from ...",0.0,Neutral
2017-01-01,"^ Smith, David (January 24, 2020). ""Trump tells anti-abortion activists at March for Life: 'I am fighting for you'"". The Guardian. Archived from the o...",0.0,Neutral
2017-01-01,"^ Fandos, Nicholas (January 24, 2020). ""Branding Trump a Danger, Democrats Cap the Case for His Removal"". New York Times. Archived from the original o...",0.2556818181818182,Positive
2017-01-01,"^ Baker, Peter (January 25, 2020). ""Trump Team, Opening Defense, Accuses Democrats of Plot to Subvert Election"". The New York Times. Archived from the...",0.13636363636363635,Positive
2017-01-01,"^ Gregorian, Dareh (January 27, 2020). ""Trump's Senate impeachment trial: What happened on Day 6"". Archived from the original on February 15, 2021. Re...",0.375,Positive
2017-01-01,"^ Heller, Aron (January 27, 2020). ""Donald Trump meets Benjamin Netanyahu, Benny Gantz at White House for deal"". Global News. Archived from the origin...",0.0,Neutral
2017-01-01,"^ Wilson, Audrey (January 28, 2020). ""What's Inside Trump's Middle East Peace Plan?"". Foreign Policy. Archived from the original on February 15, 2021....",0.08333333333333333,Positive
2017-01-01,"^ Grisales, Claudia (January 28, 2020). ""Trump Defense Team Finishes Opening Arguments In Impeachment Trial"". NPR. Archived from the original on Febru...",0.375,Positive
2017-01-01,"^ Staff (January 28, 2020). ""Trump holds rally in New Jersey as Senate impeachment trial moves into new phase"". CBS News. Archived from the original o...",0.2159090909090909,Positive
2017-01-01,"^ Stein, Jeff (January 29, 2020). ""Trump signs USMCA, revamping North American trade rules"". The Washington Post. Archived from the original on Februa...",0.1875,Positive
2017-01-01,"^ Staff (January 30, 2020). ""Trump holds rally in Iowa days before first 2020 voting contest"". CBS News. Retrieved January 30, 2020....",0.25,Positive
2017-01-01,"^ Kanno-Youngs, Zolan (January 31, 2020). ""Trump Administration Adds Six More Countries to Travel Ban"". The New York Times. Archived from the original...",0.3371212121212121,Positive
2017-01-01,"^ Shear, Michael D.; Fandos, Nicholas (January 31, 2020). ""Republicans Block Impeachment Witnesses, Clearing Path for Trump Acquittal"". The New York T...",0.13636363636363635,Positive
2017-01-01,"^ Duehren, Andrew (January 31, 2020). ""Senators Reject Witnesses in Trump Impeachment Trial"". The Wall Street Journal. Retrieved January 31, 2020....",0.0,Neutral
2017-01-01,"^ ""Trump impeachment trial: Closing arguments ahead of acquittal vote Wednesday"". ABC News. Retrieved February 5, 2020....",0.0,Neutral
2017-01-01,"^ Foran, Clare (February 4, 2020). ""Murkowski says she 'cannot vote to convict,' but calls Trump's actions 'shameful and wrong'"". CNN. Archived from t...",-0.5,Negative
2017-01-01,"^ Forgey, Quint (February 3, 2020). ""Trump wins Iowa GOP caucuses"". POLITICO. Retrieved February 5, 2020....",0.3,Positive
2017-01-01,"^ Mazzei, Patricia; Edmondson, Catie (February 4, 2020). ""Susan Collins Announces She Will Vote to Acquit Trump, Calling Conduct 'Wrong'"". The New Yor...",-0.18181818181818182,Negative
2017-01-01,"^ Crowley, Michael; Turkewitz, Julie (February 5, 2020). ""Trump Gives Venezuela's Guaidó the Embrace He Wanted"". The New York Times. Retrieved Februar...",0.13636363636363635,Positive
2017-01-01,"^ Fandos, Nicholas (February 5, 2020). ""Trump Acquitted of Two Impeachment Charges in Near Party-Line Vote"". The New York Times. Archived from the ori...",0.11818181818181818,Positive
2017-01-01,"^ Staff (February 5, 2020). ""Trump acquitted by Senate in impeachment trial"". BBC News. Retrieved February 5, 2020....",0.0,Neutral
2017-01-01,"^ Leibovich, Mark (February 5, 2020). ""Romney, Defying the Party He Once Personified, Votes to Convict Trump"". The New York Times. Archived from the o...",0.13636363636363635,Positive
2017-01-01,"^ Gregorian, Dareh; Thorp V, Frank (February 5, 2020). ""Senate acquits Trump on both impeachment charges"". NBC News. Archived from the original on Feb...",0.375,Positive
2017-01-01,"^ Mitt Romney says he'll vote to convict Trump. CNN. February 5, 2020. Archived from the original on October 13, 2022. Retrieved January 15, 2023 – vi...",0.375,Positive
2017-01-01,"^ Westwood, Sarah; Vazquez, Maegan (February 6, 2020). ""Trump slams Democrats and Romney at prayer breakfast as Pelosi looks on"". CNN. Retrieved Febru...",0.0,Neutral
2017-01-01,"^ ""'Very unfair situation': President Trump takes victory lap in White House speech after impeachment trial"". KMBC. Associated Press. February 6, 2020...",-0.325,Negative
2017-01-01,"^ Superville, Darlene; Odula, Tom; Anna, Cara (February 6, 2020). ""Trump administration to open free-trade talks with Kenya"". The Toronto Star. Archiv...",0.0,Neutral
2017-01-01,"^ Baker, Peter; Haberman, Maggie; Hakim, Danny; Schmidt, Michael D. (February 7, 2020). ""Trump Fires Impeachment Witnesses Gordon Sondland and Alexand...",0.0,Neutral
2017-01-01,"^ Cheney, Kyle; Bertrand, Natasha; McGraw, Meredith (February 7, 2020). ""Impeachment witnesses ousted amid fears of Trump revenge campaign"". POLITICO....",0.0,Neutral
2017-01-01,"^ Crisp, Elizabeth (February 9, 2020). ""John Bel Edwards, other governors attend White House events hosted by Trump"". The Advocate. Archived from the ...",0.041666666666666664,Neutral
2017-01-01,"^ Bender, Michael C. (February 10, 2020). ""Trump Rallies in New Hampshire Ahead of Primary"". The Wall Street Journal. Archived from the original on Fe...",0.3037878787878788,Positive
2017-01-01,"^ Press), STEVE PEOPLES, KATHLEEN RONAYNE and HUNTER WOODALL (Associated (February 11, 2020). ""President Trump wins GOP primary with more votes than a...",0.39999999999999997,Positive
2017-01-01,"^ Trump, Donald J.  (February 11, 2020). ""This is a horrible and very unfair situation. The real crimes were on the other side, as nothing happens to ...",-0.39375,Negative
2017-01-01,"^ Associated Press (February 12, 2020). ""Trump says US working on trade deal with Ecuador"". The Toronto Star. Retrieved February 12, 2020....",0.0,Neutral
2017-01-01,"^ Cohen, Marshall (February 13, 2020). ""Trump contradicts past denials, admits sending Giuliani to Ukraine"". CNN. Archived from the original on Februa...",0.0625,Positive
2017-01-01,"^ Liptak, Kevin; Collins, Kaitlin (February 18, 2020). ""Trump commutes Blagojevich's sentence and grants clemency to 10 others"". CNN. Retrieved Februa...",0.0,Neutral
2017-01-01,"^ Oprysko, Caitlin (February 18, 2020). ""Trump announces a blitz of pardons and commutations"". POLITICO. Archived from the original on February 15, 20...",0.375,Positive
2017-01-01,"^ Collins, Michael; Subramanian, Courtney; Jackson, David (February 19, 2020). ""Donald Trump at Phoenix rally weighs in on Democratic debate, criticiz...",0.0,Neutral
2017-01-01,"^ Staff (February 20, 2020). ""Trump lashes out at Democratic rivals during Colorado Springs rally"". CBS News. Archived from the original on February 9...",0.375,Positive
2017-01-01,"^ Staff (February 21, 2020). """"Here we go again,"" Trump says about intel reports of Russian meddling in 2020"". CBS News. Archived from the original on...",0.1875,Positive
2017-01-01,"^ Liptak, Kevin (February 24, 2020). ""Trump lands in India and feels the love"". CNN. Archived from the original on February 15, 2021. Retrieved Februa...",0.4375,Positive
2017-01-01,"^ Colvin, Jill; Lemire, Jonathan (February 24, 2020). ""India's Modi Says 'Namaste Trump' With Massive Rally for U.S. President"". TIME. Archived from t...",0.0,Neutral
2017-01-01,"^ Staff (February 24, 2020). ""Taj Mahal: US President Donald Trump visits India's 'monument of love'"". BBC News. Archived from the original on Februar...",0.4375,Positive
2017-01-01,"^ Liptak, Kevin (February 25, 2020). ""Trump concludes India visit without major agreements"". CNN. Retrieved February 25, 2020....",0.0625,Positive
2017-01-01,"^ Staff (February 25, 2020). ""President Kovind's dinner for Donald Trump: What is on the menu"". India Today. Archived from the original on February 15...",0.375,Positive
2017-01-01,"^ Baker, Peter (February 25, 2020). ""Trump, in India, Demands 2 Liberal Justices Recuse Themselves From His Cases"". New York Times. Archived from the ...",0.13636363636363635,Positive
2017-01-01,"^ Holland, Steve; Heavey, Susan (February 26, 2020). ""Trump Returns to U.S. as Country Warily Eyes Coronavirus' Global Spread"". U.S. News & World Repo...",-0.25,Negative
2017-01-01,"^ Holpuch, Amanda (February 26, 2020). ""Donald Trump puts Mike Pence in charge of US coronavirus response"". The Guardian. Archived from the original o...",0.375,Positive
2017-01-01,"^ Pappas, Alex (February 28, 2020). ""Trump accuses Dems of 'politicizing' coronavirus, tells South Carolina rally 'we are totally prepared'"". Fox News...",0.0,Neutral
2017-01-01,"^ Cohen, Zachary; Hoffman, Jason (February 28, 2020). ""Trump says he will nominate Rep. John Ratcliffe to be director of national intelligence"". CNN. ...",0.0,Neutral
2017-01-01,"^ Trump, Donald J.  (February 28, 2020). ""I am pleased to announce the nomination of @RepRatcliffe (Congressman John Ratcliffe) to be Director of Nati...",0.5,Positive
2017-01-01,"^ Vazquez, Maegan (February 29, 2020). ""Trump rallies conservative base at CPAC amid escalating coronavirus concerns"". CNN. Archived from the original...",-0.21250000000000002,Negative
2017-01-01,"^ Staff (March 2, 2020). ""President Trump's Swift Coronavirus Response Continues"". whitehouse.gov. Retrieved March 2, 2020 – via National Archives....",0.0,Neutral
2017-01-01,"^ Associated Press (March 2, 2020). ""Trump rallies supporters in Charlotte, North Carolina"". CBS News. Retrieved March 3, 2020....",0.0,Neutral
2017-01-01,"^ Mason, Jeff (March 2, 2020). ""Trump administration says drug makers will work together to combat coronavirus"". Reuters. Archived from the original o...",0.375,Positive
2017-01-01,"^ Baker, Peter; Kaplan, Shiela (March 3, 2020). ""Criticized for Coronavirus Response, Trump Points to Obama Administration"". The New York Times. Archi...",0.13636363636363635,Positive
2017-01-01,"^ Al-Arshani, Sarah; Frias, Lauren (March 3, 2020). ""Trump argues 3.4% death rate from coronavirus is 'false,' citing a 'hunch' in claiming it's far l...",-0.15000000000000002,Negative
2017-01-01,"^ ""Trump signs $8.3 billion emergency package to combat coronavirus"". CBS News. March 6, 2020. Archived from the original on July 28, 2020. Retrieved ...",0.375,Positive
2017-01-01,"^ Dareh, Dareh (March 6, 2020). ""Trump, White House give differing explanations on briefly nixed CDC visit"". NBC News. Archived from the original on F...",0.125,Positive
2017-01-01,"^ Choi, Matthew (March 6, 2020). ""Trump calls Inslee a 'snake' over criticism of coronavirus rhetoric"". POLITICO. Retrieved March 7, 2020....",0.0,Neutral
2017-01-01,"^ Liptak, Kevin; Collins, Kaitlin; Vazquez, Maegan; Kelly, Caroline (March 6, 2020). ""Trump replaces Mick Mulvaney with Mark Meadows as chief of staff...",0.0,Neutral
2017-01-01,"^ Baker, Peter (March 7, 2020). ""Trump Welcomes Brazil's Bolsonaro but Leaves Tariffs on the Table"". The New York Times. Archived from the original on...",0.2556818181818182,Positive
2017-01-01,"^ Vazquez, Maegan (March 10, 2020). ""Trump awards Medal of Freedom to retired Army General Jack Keane"". CNN. Retrieved March 10, 2020....",0.05000000000000002,Positive
2017-01-01,"^ Wilkie, Christina (March 11, 2020). ""Trump suspends travel from Europe for 30 days as part of response to 'foreign' coronavirus"". CNBC. Retrieved Ma...",-0.125,Negative
2017-01-01,"^ Trump, Donald (March 11, 2020). Read President Trump's Speech on Coronavirus Pandemic: Full Transcript (Speech). The White House: The New York Times...",0.1621212121212121,Positive
2017-01-01,"^ Staff (March 12, 2020). ""St Patrick's Day: Leo Varadkar in US for Trump meeting"". BBC News. Archived from the original on February 15, 2021. Retriev...",0.375,Positive
2017-01-01,"^ Hawkins, Derek; Berger, Miriam; Iati, Marisa; Kornfield, Meryl; Shammas, Brittany (March 13, 2020). ""Trump declares coronavirus pandemic a national ...",0.0,Neutral
2017-01-01,"^ Oprysko, Caitlin (March 13, 2020). ""'I don't take responsibility at all': Trump deflects blame for coronavirus testing fumble"". POLITICO. Archived f...",0.0,Neutral
2017-01-01,"^ Rogers, Katie; Cochrane, Emily (March 16, 2020). ""Trump Urges Limits Amid Pandemic, but Stops Short of National Mandates"". The New York Times. Archi...",0.06818181818181818,Positive
2017-01-01,"^ Blitzer, Ronn (March 17, 2020). ""Trump secures GOP presidential nomination with Tuesday's primary victories"". Fox News. Retrieved March 18, 2020....",0.4,Positive
2017-01-01,"^ Egan, Lauren (March 18, 2020). ""Trump signs off on coronavirus aid bill"". NBC News. Archived from the original on February 15, 2021. Retrieved March...",0.375,Positive
2017-01-01,"^ Zezima, Katie; Noack, Rick (March 18, 2020). ""Trump, Trudeau agree to close U.S.-Canada border to 'nonessential' traffic"". The Washington Post. Arch...",0.0,Neutral
2017-01-01,"^ Vazquez, Maegan (March 21, 2020). ""Trump invokes Defense Production Act to expand production of hospital masks and more"". CNN. Archived from the ori...",0.5,Positive
2017-01-01,"^ Forgey, Quint (March 24, 2020). ""'I'd love to have it open by Easter': Trump says he wants to restart economy by mid-April"". POLITICO. Archived from...",0.2333333333333333,Positive
2017-01-01,"^ Liptak, Kevin; Vazquez, Maegan (March 24, 2020). ""Trump says he wants the country 'opened up and just raring to go by Easter,' despite health expert...",0.2,Positive
2017-01-01,"^ Lillis, Mike (March 27, 2020). ""House passes $2 trillion coronavirus relief bill, with Trump to sign quickly"". The Hill. Retrieved March 27, 2020....",0.3333333333333333,Positive
2017-01-01,"^ Segers, Grace (March 27, 2020). ""Trump signs massive coronavirus relief package"". CBS News. Archived from the original on April 17, 2020. Retrieved ...",0.1875,Positive
2017-01-01,"^ Sanger, David E.; Haberman, Maggie; Karni, Annie (March 27, 2020). ""Under Intense Criticism, Trump Says Government Will Buy More Ventilators"". The N...",0.35,Positive
2017-01-01,"^ Harki, Gary A. (March 28, 2020). ""President Trump sees off Navy hospital ship Comfort in Norfolk"". The Virginian-Pilot. Archived from the original o...",0.375,Positive
